firstname|lastname|email|pw|dob|displayName|status|role
Karlee|Argus|Karlee.Argus@yopmail.com|Pc_Z-#Le9D_Juv|1990-08-20|KarleeArgus1|1|1
Mara|Shirberg|Mara.Shirberg@yopmail.com|Pc_Z-#Le9D_Juv|2013-01-17|MaraShirberg1|1|1
Dulcinea|Felecia|Dulcinea.Felecia@yopmail.com|Pc_Z-#Le9D_Juv|2018-12-27|DulcineaFelecia1|1|1
Edith|Ursulette|Edith.Ursulette@yopmail.com|Pc_Z-#Le9D_Juv|1925-02-11|EdithUrsulette1|1|1
Celisse|Zenas|Celisse.Zenas@yopmail.com|Pc_Z-#Le9D_Juv|1961-08-02|CelisseZenas1|1|1
Madeleine|Melony|Madeleine.Melony@yopmail.com|Pc_Z-#Le9D_Juv|2010-08-18|MadeleineMelony1|1|1
Gaylene|Odysseus|Gaylene.Odysseus@yopmail.com|Pc_Z-#Le9D_Juv|1975-08-21|GayleneOdysseus1|1|1
Heddie|Stevy|Heddie.Stevy@yopmail.com|Pc_Z-#Le9D_Juv|1981-07-04|HeddieStevy1|1|1
Alisha|Yoko|Alisha.Yoko@yopmail.com|Pc_Z-#Le9D_Juv|1956-04-07|AlishaYoko1|1|1
Lanna|Naashom|Lanna.Naashom@yopmail.com|Pc_Z-#Le9D_Juv|1923-07-15|LannaNaashom1|1|1
Susette|Klotz|Susette.Klotz@yopmail.com|Pc_Z-#Le9D_Juv|1996-01-12|SusetteKlotz1|1|1
Sophia|Malvino|Sophia.Malvino@yopmail.com|Pc_Z-#Le9D_Juv|1936-04-04|SophiaMalvino1|1|1
Kathy|Irmine|Kathy.Irmine@yopmail.com|Pc_Z-#Le9D_Juv|1964-02-15|KathyIrmine1|1|1
Ottilie|Mike|Ottilie.Mike@yopmail.com|Pc_Z-#Le9D_Juv|1928-09-14|OttilieMike1|1|1
Etta|Ailyn|Etta.Ailyn@yopmail.com|Pc_Z-#Le9D_Juv|1955-05-10|EttaAilyn1|1|1
Doro|Tarrant|Doro.Tarrant@yopmail.com|Pc_Z-#Le9D_Juv|1915-11-08|DoroTarrant1|1|1
Tobe|Klotz|Tobe.Klotz@yopmail.com|Pc_Z-#Le9D_Juv|1924-05-21|TobeKlotz1|1|1
Lilith|Ilka|Lilith.Ilka@yopmail.com|Pc_Z-#Le9D_Juv|1995-11-22|LilithIlka1|1|1
Yvonne|Roche|Yvonne.Roche@yopmail.com|Pc_Z-#Le9D_Juv|2011-10-04|YvonneRoche1|1|1
Sophia|Earlie|Sophia.Earlie@yopmail.com|Pc_Z-#Le9D_Juv|1992-10-06|SophiaEarlie1|1|1
Christy|Jorgan|Christy.Jorgan@yopmail.com|Pc_Z-#Le9D_Juv|2017-10-30|ChristyJorgan1|1|1
Fina|Edmund|Fina.Edmund@yopmail.com|Pc_Z-#Le9D_Juv|1929-08-12|FinaEdmund1|1|1
Raf|Jobi|Raf.Jobi@yopmail.com|Pc_Z-#Le9D_Juv|1921-07-24|RafJobi1|1|1
Jere|Noman|Jere.Noman@yopmail.com|Pc_Z-#Le9D_Juv|1944-10-05|JereNoman1|1|1
Diena|Uund|Diena.Uund@yopmail.com|Pc_Z-#Le9D_Juv|1962-03-30|DienaUund1|1|1
Marcy|Lanita|Marcy.Lanita@yopmail.com|Pc_Z-#Le9D_Juv|1969-09-01|MarcyLanita1|1|1
Anthia|Tamar|Anthia.Tamar@yopmail.com|Pc_Z-#Le9D_Juv|1935-07-19|AnthiaTamar1|1|1
Gwyneth|Hachmin|Gwyneth.Hachmin@yopmail.com|Pc_Z-#Le9D_Juv|2015-05-15|GwynethHachmin1|1|1
Dorthy|Bury|Dorthy.Bury@yopmail.com|Pc_Z-#Le9D_Juv|1995-08-03|DorthyBury1|1|1
Mahalia|Kravits|Mahalia.Kravits@yopmail.com|Pc_Z-#Le9D_Juv|1971-06-23|MahaliaKravits1|1|1
Jeanna|Sibyls|Jeanna.Sibyls@yopmail.com|Pc_Z-#Le9D_Juv|1966-06-16|JeannaSibyls1|1|1
Randa|Sibyls|Randa.Sibyls@yopmail.com|Pc_Z-#Le9D_Juv|2019-05-16|RandaSibyls1|1|1
Britte|Gower|Britte.Gower@yopmail.com|Pc_Z-#Le9D_Juv|1943-05-31|BritteGower1|1|1
Juliane|Michella|Juliane.Michella@yopmail.com|Pc_Z-#Le9D_Juv|1922-08-07|JulianeMichella1|1|1
Violet|Faso|Violet.Faso@yopmail.com|Pc_Z-#Le9D_Juv|1995-07-23|VioletFaso1|1|1
Candy|Corabella|Candy.Corabella@yopmail.com|Pc_Z-#Le9D_Juv|1937-11-04|CandyCorabella1|1|1
Nollie|Ellerey|Nollie.Ellerey@yopmail.com|Pc_Z-#Le9D_Juv|1923-06-06|NollieEllerey1|1|1
Janis|Haymes|Janis.Haymes@yopmail.com|Pc_Z-#Le9D_Juv|1941-06-14|JanisHaymes1|1|1
Ana|Sidonius|Ana.Sidonius@yopmail.com|Pc_Z-#Le9D_Juv|1985-02-03|AnaSidonius1|1|1
Jobi|Taima|Jobi.Taima@yopmail.com|Pc_Z-#Le9D_Juv|1923-03-03|JobiTaima1|1|1
Marcelline|Suanne|Marcelline.Suanne@yopmail.com|Pc_Z-#Le9D_Juv|2012-03-16|MarcellineSuanne1|1|1
Tani|Quent|Tani.Quent@yopmail.com|Pc_Z-#Le9D_Juv|1929-08-06|TaniQuent1|1|1
Mariann|Jacinda|Mariann.Jacinda@yopmail.com|Pc_Z-#Le9D_Juv|1916-10-08|MariannJacinda1|1|1
Phylis|Marisa|Phylis.Marisa@yopmail.com|Pc_Z-#Le9D_Juv|1940-04-19|PhylisMarisa1|1|1
Kirstin|Sholley|Kirstin.Sholley@yopmail.com|Pc_Z-#Le9D_Juv|1958-06-30|KirstinSholley1|1|1
Merry|Heidt|Merry.Heidt@yopmail.com|Pc_Z-#Le9D_Juv|1991-01-19|MerryHeidt1|1|1
Fredericka|Bari|Fredericka.Bari@yopmail.com|Pc_Z-#Le9D_Juv|1906-08-18|FrederickaBari1|1|1
Deane|Keelia|Deane.Keelia@yopmail.com|Pc_Z-#Le9D_Juv|1986-01-31|DeaneKeelia1|1|1
Madeleine|Sinegold|Madeleine.Sinegold@yopmail.com|Pc_Z-#Le9D_Juv|1956-01-21|MadeleineSinegold1|1|1
Rosabelle|Desai|Rosabelle.Desai@yopmail.com|Pc_Z-#Le9D_Juv|1989-03-09|RosabelleDesai1|1|1
Sharai|Fairweather|Sharai.Fairweather@yopmail.com|Pc_Z-#Le9D_Juv|1925-07-18|SharaiFairweather1|1|1
Adelle|Gilmour|Adelle.Gilmour@yopmail.com|Pc_Z-#Le9D_Juv|1966-02-23|AdelleGilmour1|1|1
Johna|Cosenza|Johna.Cosenza@yopmail.com|Pc_Z-#Le9D_Juv|1902-09-23|JohnaCosenza1|1|1
Kial|Nore|Kial.Nore@yopmail.com|Pc_Z-#Le9D_Juv|1947-03-24|KialNore1|1|1
Bettine|MacIntosh|Bettine.MacIntosh@yopmail.com|Pc_Z-#Le9D_Juv|1935-08-11|BettineMacIntosh1|1|1
Helena|Bashemeth|Helena.Bashemeth@yopmail.com|Pc_Z-#Le9D_Juv|2001-12-25|HelenaBashemeth1|1|1
Katleen|Brady|Katleen.Brady@yopmail.com|Pc_Z-#Le9D_Juv|1999-10-24|KatleenBrady1|1|1
Julieta|Hewitt|Julieta.Hewitt@yopmail.com|Pc_Z-#Le9D_Juv|1934-07-17|JulietaHewitt1|1|1
Oona|Bahr|Oona.Bahr@yopmail.com|Pc_Z-#Le9D_Juv|1947-08-27|OonaBahr1|1|1
Melina|Hathaway|Melina.Hathaway@yopmail.com|Pc_Z-#Le9D_Juv|2006-11-18|MelinaHathaway1|1|1
Tonia|Kat|Tonia.Kat@yopmail.com|Pc_Z-#Le9D_Juv|1990-11-03|ToniaKat1|1|1
Aryn|Wandie|Aryn.Wandie@yopmail.com|Pc_Z-#Le9D_Juv|1978-10-03|ArynWandie1|1|1
Jordan|Martsen|Jordan.Martsen@yopmail.com|Pc_Z-#Le9D_Juv|1913-06-17|JordanMartsen1|1|1
Alex|Regan|Alex.Regan@yopmail.com|Pc_Z-#Le9D_Juv|2015-03-12|AlexRegan1|1|1
Bobinette|Isacco|Bobinette.Isacco@yopmail.com|Pc_Z-#Le9D_Juv|1944-02-17|BobinetteIsacco1|1|1
Daphne|Genna|Daphne.Genna@yopmail.com|Pc_Z-#Le9D_Juv|1969-06-27|DaphneGenna1|1|1
Gloria|Vins|Gloria.Vins@yopmail.com|Pc_Z-#Le9D_Juv|1970-09-25|GloriaVins1|1|1
Babita|Sparhawk|Babita.Sparhawk@yopmail.com|Pc_Z-#Le9D_Juv|1941-12-04|BabitaSparhawk1|1|1
Catharine|Neva|Catharine.Neva@yopmail.com|Pc_Z-#Le9D_Juv|1986-11-08|CatharineNeva1|1|1
Max|Larochelle|Max.Larochelle@yopmail.com|Pc_Z-#Le9D_Juv|1937-01-19|MaxLarochelle1|1|1
Felice|Amasa|Felice.Amasa@yopmail.com|Pc_Z-#Le9D_Juv|1944-09-02|FeliceAmasa1|1|1
Leona|Koziara|Leona.Koziara@yopmail.com|Pc_Z-#Le9D_Juv|1901-06-03|LeonaKoziara1|1|1
Gusella|Capello|Gusella.Capello@yopmail.com|Pc_Z-#Le9D_Juv|1998-04-13|GusellaCapello1|1|1
Adelle|Heidt|Adelle.Heidt@yopmail.com|Pc_Z-#Le9D_Juv|1934-05-11|AdelleHeidt1|1|1
Sue|Barrus|Sue.Barrus@yopmail.com|Pc_Z-#Le9D_Juv|1985-05-27|SueBarrus1|1|1
Heida|Greenwald|Heida.Greenwald@yopmail.com|Pc_Z-#Le9D_Juv|1953-07-21|HeidaGreenwald1|1|1
Ketti|Cassius|Ketti.Cassius@yopmail.com|Pc_Z-#Le9D_Juv|1909-02-12|KettiCassius1|1|1
Stevana|Camden|Stevana.Camden@yopmail.com|Pc_Z-#Le9D_Juv|1976-06-07|StevanaCamden1|1|1
Dorene|Margret|Dorene.Margret@yopmail.com|Pc_Z-#Le9D_Juv|1999-08-02|DoreneMargret1|1|1
Gwenneth|Francyne|Gwenneth.Francyne@yopmail.com|Pc_Z-#Le9D_Juv|1916-08-16|GwennethFrancyne1|1|1
Tani|Cullin|Tani.Cullin@yopmail.com|Pc_Z-#Le9D_Juv|1980-02-21|TaniCullin1|1|1
Chandra|Halsey|Chandra.Halsey@yopmail.com|Pc_Z-#Le9D_Juv|2015-01-01|ChandraHalsey1|1|1
Lesly|Cecile|Lesly.Cecile@yopmail.com|Pc_Z-#Le9D_Juv|1947-01-10|LeslyCecile1|1|1
Myrtice|Argus|Myrtice.Argus@yopmail.com|Pc_Z-#Le9D_Juv|1938-10-03|MyrticeArgus1|1|1
Renie|Lymann|Renie.Lymann@yopmail.com|Pc_Z-#Le9D_Juv|1988-07-19|RenieLymann1|1|1
Nanete|Annice|Nanete.Annice@yopmail.com|Pc_Z-#Le9D_Juv|1990-09-26|NaneteAnnice1|1|1
Kaia|Chobot|Kaia.Chobot@yopmail.com|Pc_Z-#Le9D_Juv|1913-09-15|KaiaChobot1|1|1
Marcy|Goth|Marcy.Goth@yopmail.com|Pc_Z-#Le9D_Juv|2019-11-13|MarcyGoth1|1|1
Darlleen|Glovsky|Darlleen.Glovsky@yopmail.com|Pc_Z-#Le9D_Juv|1939-08-29|DarlleenGlovsky1|1|1
Elka|Vary|Elka.Vary@yopmail.com|Pc_Z-#Le9D_Juv|1911-09-19|ElkaVary1|1|1
Addia|Christal|Addia.Christal@yopmail.com|Pc_Z-#Le9D_Juv|2005-10-20|AddiaChristal1|1|1
Ezmeralda|O'Neill|Ezmeralda.O'Neill@yopmail.com|Pc_Z-#Le9D_Juv|1998-03-22|EzmeraldaO'Neill1|1|1
Deloria|Tufts|Deloria.Tufts@yopmail.com|Pc_Z-#Le9D_Juv|1903-12-12|DeloriaTufts1|1|1
Jolyn|Kendrick|Jolyn.Kendrick@yopmail.com|Pc_Z-#Le9D_Juv|1999-08-04|JolynKendrick1|1|1
Grier|Nelsen|Grier.Nelsen@yopmail.com|Pc_Z-#Le9D_Juv|1972-03-10|GrierNelsen1|1|1
Wanda|Pelagias|Wanda.Pelagias@yopmail.com|Pc_Z-#Le9D_Juv|1948-03-10|WandaPelagias1|1|1
Yvonne|Erlandson|Yvonne.Erlandson@yopmail.com|Pc_Z-#Le9D_Juv|1943-11-09|YvonneErlandson1|1|1
Margette|Cleavland|Margette.Cleavland@yopmail.com|Pc_Z-#Le9D_Juv|1990-11-08|MargetteCleavland1|1|1
Teriann|Rossner|Teriann.Rossner@yopmail.com|Pc_Z-#Le9D_Juv|1995-05-24|TeriannRossner1|1|1
Modestia|Alrich|Modestia.Alrich@yopmail.com|Pc_Z-#Le9D_Juv|1969-08-08|ModestiaAlrich1|1|1
Concettina|Hutchison|Concettina.Hutchison@yopmail.com|Pc_Z-#Le9D_Juv|1953-04-05|ConcettinaHutchison1|1|1
Laure|Granoff|Laure.Granoff@yopmail.com|Pc_Z-#Le9D_Juv|1908-11-02|LaureGranoff1|1|1
Correy|Edmund|Correy.Edmund@yopmail.com|Pc_Z-#Le9D_Juv|1900-03-03|CorreyEdmund1|1|1
Fredericka|Annabella|Fredericka.Annabella@yopmail.com|Pc_Z-#Le9D_Juv|1983-10-28|FrederickaAnnabella1|1|1
Raf|Tybald|Raf.Tybald@yopmail.com|Pc_Z-#Le9D_Juv|1905-05-26|RafTybald1|1|1
Dorthy|Ulphia|Dorthy.Ulphia@yopmail.com|Pc_Z-#Le9D_Juv|1955-09-03|DorthyUlphia1|1|1
Mariann|Herrera|Mariann.Herrera@yopmail.com|Pc_Z-#Le9D_Juv|2018-01-14|MariannHerrera1|1|1
Shannah|Waite|Shannah.Waite@yopmail.com|Pc_Z-#Le9D_Juv|1959-01-27|ShannahWaite1|1|1
Sean|Honoria|Sean.Honoria@yopmail.com|Pc_Z-#Le9D_Juv|1906-10-15|SeanHonoria1|1|1
Mureil|Geffner|Mureil.Geffner@yopmail.com|Pc_Z-#Le9D_Juv|1950-05-04|MureilGeffner1|1|1
Drucie|Lunsford|Drucie.Lunsford@yopmail.com|Pc_Z-#Le9D_Juv|2002-06-20|DrucieLunsford1|1|1
Morganica|My|Morganica.My@yopmail.com|Pc_Z-#Le9D_Juv|1990-06-13|MorganicaMy1|1|1
Reeba|Susannah|Reeba.Susannah@yopmail.com|Pc_Z-#Le9D_Juv|1981-05-14|ReebaSusannah1|1|1
Selia|Bettine|Selia.Bettine@yopmail.com|Pc_Z-#Le9D_Juv|1972-02-12|SeliaBettine1|1|1
Quintina|Etom|Quintina.Etom@yopmail.com|Pc_Z-#Le9D_Juv|1943-02-08|QuintinaEtom1|1|1
Mildrid|Erskine|Mildrid.Erskine@yopmail.com|Pc_Z-#Le9D_Juv|1995-02-06|MildridErskine1|1|1
Chandra|Johanna|Chandra.Johanna@yopmail.com|Pc_Z-#Le9D_Juv|1986-05-08|ChandraJohanna1|1|1
Jacenta|Amethist|Jacenta.Amethist@yopmail.com|Pc_Z-#Le9D_Juv|1945-05-25|JacentaAmethist1|1|1
Dennie|Parette|Dennie.Parette@yopmail.com|Pc_Z-#Le9D_Juv|1983-05-20|DennieParette1|1|1
Ira|Ivens|Ira.Ivens@yopmail.com|Pc_Z-#Le9D_Juv|2016-10-22|IraIvens1|1|1
Cindelyn|Bigner|Cindelyn.Bigner@yopmail.com|Pc_Z-#Le9D_Juv|1965-10-05|CindelynBigner1|1|1
Lory|Anastatius|Lory.Anastatius@yopmail.com|Pc_Z-#Le9D_Juv|1933-05-08|LoryAnastatius1|1|1
Corene|Deegan|Corene.Deegan@yopmail.com|Pc_Z-#Le9D_Juv|1903-01-05|CoreneDeegan1|1|1
Micheline|Fiann|Micheline.Fiann@yopmail.com|Pc_Z-#Le9D_Juv|1936-07-25|MichelineFiann1|1|1
Cristine|Phaidra|Cristine.Phaidra@yopmail.com|Pc_Z-#Le9D_Juv|1902-03-06|CristinePhaidra1|1|1
Almeta|Bigner|Almeta.Bigner@yopmail.com|Pc_Z-#Le9D_Juv|1988-08-18|AlmetaBigner1|1|1
Kary|Sacken|Kary.Sacken@yopmail.com|Pc_Z-#Le9D_Juv|1957-04-06|KarySacken1|1|1
Adriana|Gherardo|Adriana.Gherardo@yopmail.com|Pc_Z-#Le9D_Juv|1964-03-04|AdrianaGherardo1|1|1
Layla|Egbert|Layla.Egbert@yopmail.com|Pc_Z-#Le9D_Juv|1943-09-11|LaylaEgbert1|1|1
Ayn|Buckler|Ayn.Buckler@yopmail.com|Pc_Z-#Le9D_Juv|1981-03-07|AynBuckler1|1|1
Sophia|Milde|Sophia.Milde@yopmail.com|Pc_Z-#Le9D_Juv|1944-02-12|SophiaMilde1|1|1
Amii|Drisko|Amii.Drisko@yopmail.com|Pc_Z-#Le9D_Juv|1982-01-24|AmiiDrisko1|1|1
Fernande|Gherardo|Fernande.Gherardo@yopmail.com|Pc_Z-#Le9D_Juv|1971-03-30|FernandeGherardo1|1|1
Starla|Neva|Starla.Neva@yopmail.com|Pc_Z-#Le9D_Juv|1922-07-09|StarlaNeva1|1|1
Carmencita|Viddah|Carmencita.Viddah@yopmail.com|Pc_Z-#Le9D_Juv|1971-02-16|CarmencitaViddah1|1|1
Clarice|Gusella|Clarice.Gusella@yopmail.com|Pc_Z-#Le9D_Juv|1939-04-09|ClariceGusella1|1|1
Allis|Hashim|Allis.Hashim@yopmail.com|Pc_Z-#Le9D_Juv|1963-06-17|AllisHashim1|1|1
Lorie|Lail|Lorie.Lail@yopmail.com|Pc_Z-#Le9D_Juv|1986-11-01|LorieLail1|1|1
Gianina|Prouty|Gianina.Prouty@yopmail.com|Pc_Z-#Le9D_Juv|2009-01-30|GianinaProuty1|1|1
Millie|Kellby|Millie.Kellby@yopmail.com|Pc_Z-#Le9D_Juv|1907-04-20|MillieKellby1|1|1
Teddie|Bennie|Teddie.Bennie@yopmail.com|Pc_Z-#Le9D_Juv|1991-11-30|TeddieBennie1|1|1
Sam|Kesley|Sam.Kesley@yopmail.com|Pc_Z-#Le9D_Juv|1964-11-02|SamKesley1|1|1
Shaylyn|Milson|Shaylyn.Milson@yopmail.com|Pc_Z-#Le9D_Juv|1911-08-12|ShaylynMilson1|1|1
Tersina|Kellby|Tersina.Kellby@yopmail.com|Pc_Z-#Le9D_Juv|2016-04-07|TersinaKellby1|1|1
Lulita|Bluh|Lulita.Bluh@yopmail.com|Pc_Z-#Le9D_Juv|1948-12-13|LulitaBluh1|1|1
Monika|Kare|Monika.Kare@yopmail.com|Pc_Z-#Le9D_Juv|2003-04-30|MonikaKare1|1|1
Sharai|Braun|Sharai.Braun@yopmail.com|Pc_Z-#Le9D_Juv|1936-02-16|SharaiBraun1|1|1
Carmencita|Lareena|Carmencita.Lareena@yopmail.com|Pc_Z-#Le9D_Juv|1927-05-02|CarmencitaLareena1|1|1
Fredericka|Carri|Fredericka.Carri@yopmail.com|Pc_Z-#Le9D_Juv|1972-09-29|FrederickaCarri1|1|1
Hollie|Ries|Hollie.Ries@yopmail.com|Pc_Z-#Le9D_Juv|1960-06-28|HollieRies1|1|1
Michaelina|Randene|Michaelina.Randene@yopmail.com|Pc_Z-#Le9D_Juv|1952-09-08|MichaelinaRandene1|1|1
Alexine|Durware|Alexine.Durware@yopmail.com|Pc_Z-#Le9D_Juv|1994-03-10|AlexineDurware1|1|1
Jaclyn|Pitt|Jaclyn.Pitt@yopmail.com|Pc_Z-#Le9D_Juv|1981-06-22|JaclynPitt1|1|1
Fawne|Cecile|Fawne.Cecile@yopmail.com|Pc_Z-#Le9D_Juv|1907-10-29|FawneCecile1|1|1
Roslyn|O'Rourke|Roslyn.O'Rourke@yopmail.com|Pc_Z-#Le9D_Juv|1921-06-28|RoslynO'Rourke1|1|1
Deedee|Kaja|Deedee.Kaja@yopmail.com|Pc_Z-#Le9D_Juv|1995-09-29|DeedeeKaja1|1|1
Maye|Hathaway|Maye.Hathaway@yopmail.com|Pc_Z-#Le9D_Juv|2010-12-20|MayeHathaway1|1|1
Claresta|Constancy|Claresta.Constancy@yopmail.com|Pc_Z-#Le9D_Juv|2018-04-07|ClarestaConstancy1|1|1
Hope|Rheingold|Hope.Rheingold@yopmail.com|Pc_Z-#Le9D_Juv|1924-08-14|HopeRheingold1|1|1
Minne|Grimbly|Minne.Grimbly@yopmail.com|Pc_Z-#Le9D_Juv|1957-02-19|MinneGrimbly1|1|1
Margette|Stilwell|Margette.Stilwell@yopmail.com|Pc_Z-#Le9D_Juv|1937-05-04|MargetteStilwell1|1|1
Dorthy|MacIntosh|Dorthy.MacIntosh@yopmail.com|Pc_Z-#Le9D_Juv|1996-10-24|DorthyMacIntosh1|1|1
Bill|Weinreb|Bill.Weinreb@yopmail.com|Pc_Z-#Le9D_Juv|1997-07-23|BillWeinreb1|1|1
Perry|Capello|Perry.Capello@yopmail.com|Pc_Z-#Le9D_Juv|1997-10-20|PerryCapello1|1|1
Amii|Kirbee|Amii.Kirbee@yopmail.com|Pc_Z-#Le9D_Juv|1994-07-29|AmiiKirbee1|1|1
Larine|Shama|Larine.Shama@yopmail.com|Pc_Z-#Le9D_Juv|1906-05-28|LarineShama1|1|1
Rhea|Natica|Rhea.Natica@yopmail.com|Pc_Z-#Le9D_Juv|1969-10-28|RheaNatica1|1|1
Iseabal|Colleen|Iseabal.Colleen@yopmail.com|Pc_Z-#Le9D_Juv|1900-08-23|IseabalColleen1|1|1
Max|Brodench|Max.Brodench@yopmail.com|Pc_Z-#Le9D_Juv|1901-08-22|MaxBrodench1|1|1
Dorthy|Gino|Dorthy.Gino@yopmail.com|Pc_Z-#Le9D_Juv|1953-09-30|DorthyGino1|1|1
Catrina|Devlen|Catrina.Devlen@yopmail.com|Pc_Z-#Le9D_Juv|2006-03-28|CatrinaDevlen1|1|1
Mary|Macey|Mary.Macey@yopmail.com|Pc_Z-#Le9D_Juv|1991-11-10|MaryMacey1|1|1
Candy|Velick|Candy.Velick@yopmail.com|Pc_Z-#Le9D_Juv|1937-01-30|CandyVelick1|1|1
Jorry|Cimbura|Jorry.Cimbura@yopmail.com|Pc_Z-#Le9D_Juv|1931-02-22|JorryCimbura1|1|1
Dulce|Linehan|Dulce.Linehan@yopmail.com|Pc_Z-#Le9D_Juv|2019-02-27|DulceLinehan1|1|1
Kial|Linehan|Kial.Linehan@yopmail.com|Pc_Z-#Le9D_Juv|1977-06-28|KialLinehan1|1|1
Lorenza|Morehouse|Lorenza.Morehouse@yopmail.com|Pc_Z-#Le9D_Juv|1990-07-05|LorenzaMorehouse1|1|1
Merrie|Kimmie|Merrie.Kimmie@yopmail.com|Pc_Z-#Le9D_Juv|2018-05-24|MerrieKimmie1|1|1
Sabina|Pip|Sabina.Pip@yopmail.com|Pc_Z-#Le9D_Juv|1922-12-28|SabinaPip1|1|1
Farrah|Bendick|Farrah.Bendick@yopmail.com|Pc_Z-#Le9D_Juv|1991-01-28|FarrahBendick1|1|1
Merry|Moseley|Merry.Moseley@yopmail.com|Pc_Z-#Le9D_Juv|1909-11-21|MerryMoseley1|1|1
Suzette|Buffum|Suzette.Buffum@yopmail.com|Pc_Z-#Le9D_Juv|1916-06-07|SuzetteBuffum1|1|1
Ivett|Leonard|Ivett.Leonard@yopmail.com|Pc_Z-#Le9D_Juv|1950-10-28|IvettLeonard1|1|1
Annecorinne|Codding|Annecorinne.Codding@yopmail.com|Pc_Z-#Le9D_Juv|1941-10-14|AnnecorinneCodding1|1|1
Netty|Parsaye|Netty.Parsaye@yopmail.com|Pc_Z-#Le9D_Juv|1960-01-04|NettyParsaye1|1|1
Roslyn|Talia|Roslyn.Talia@yopmail.com|Pc_Z-#Le9D_Juv|1995-04-25|RoslynTalia1|1|1
Fanchon|Pulsifer|Fanchon.Pulsifer@yopmail.com|Pc_Z-#Le9D_Juv|1961-07-25|FanchonPulsifer1|1|1
Gabi|Chesna|Gabi.Chesna@yopmail.com|Pc_Z-#Le9D_Juv|1970-12-28|GabiChesna1|1|1
Ekaterina|Fennessy|Ekaterina.Fennessy@yopmail.com|Pc_Z-#Le9D_Juv|1959-11-17|EkaterinaFennessy1|1|1
Josephine|Kazimir|Josephine.Kazimir@yopmail.com|Pc_Z-#Le9D_Juv|1902-09-13|JosephineKazimir1|1|1
Kirbee|Boehike|Kirbee.Boehike@yopmail.com|Pc_Z-#Le9D_Juv|1924-04-06|KirbeeBoehike1|1|1
Ezmeralda|Gabrielli|Ezmeralda.Gabrielli@yopmail.com|Pc_Z-#Le9D_Juv|1926-01-06|EzmeraldaGabrielli1|1|1
Jemie|Mehalek|Jemie.Mehalek@yopmail.com|Pc_Z-#Le9D_Juv|1926-03-07|JemieMehalek1|1|1
Daryl|Maurine|Daryl.Maurine@yopmail.com|Pc_Z-#Le9D_Juv|1970-05-13|DarylMaurine1|1|1
Nessie|Jagir|Nessie.Jagir@yopmail.com|Pc_Z-#Le9D_Juv|1901-07-17|NessieJagir1|1|1
Gertrud|Diann|Gertrud.Diann@yopmail.com|Pc_Z-#Le9D_Juv|1930-12-16|GertrudDiann1|1|1
Andree|Sinegold|Andree.Sinegold@yopmail.com|Pc_Z-#Le9D_Juv|2000-02-14|AndreeSinegold1|1|1
Elsie|Sadowski|Elsie.Sadowski@yopmail.com|Pc_Z-#Le9D_Juv|2001-07-14|ElsieSadowski1|1|1
Charlena|Rosette|Charlena.Rosette@yopmail.com|Pc_Z-#Le9D_Juv|1996-05-08|CharlenaRosette1|1|1
Christy|Tacye|Christy.Tacye@yopmail.com|Pc_Z-#Le9D_Juv|1918-01-30|ChristyTacye1|1|1
Doralynne|Bevin|Doralynne.Bevin@yopmail.com|Pc_Z-#Le9D_Juv|1911-03-10|DoralynneBevin1|1|1
Jerry|Daniele|Jerry.Daniele@yopmail.com|Pc_Z-#Le9D_Juv|2003-10-16|JerryDaniele1|1|1
Lusa|Cottle|Lusa.Cottle@yopmail.com|Pc_Z-#Le9D_Juv|1988-06-13|LusaCottle1|1|1
Sadie|Papageno|Sadie.Papageno@yopmail.com|Pc_Z-#Le9D_Juv|1918-09-14|SadiePapageno1|1|1
Karena|Lucienne|Karena.Lucienne@yopmail.com|Pc_Z-#Le9D_Juv|1921-08-28|KarenaLucienne1|1|1
Kittie|Vharat|Kittie.Vharat@yopmail.com|Pc_Z-#Le9D_Juv|1944-12-20|KittieVharat1|1|1
Giustina|Carey|Giustina.Carey@yopmail.com|Pc_Z-#Le9D_Juv|2004-12-13|GiustinaCarey1|1|1
Violet|Margret|Violet.Margret@yopmail.com|Pc_Z-#Le9D_Juv|1999-05-16|VioletMargret1|1|1
Ivett|Abernon|Ivett.Abernon@yopmail.com|Pc_Z-#Le9D_Juv|1949-04-25|IvettAbernon1|1|1
Peri|Ciapas|Peri.Ciapas@yopmail.com|Pc_Z-#Le9D_Juv|1924-10-28|PeriCiapas1|1|1
Corene|Ellerey|Corene.Ellerey@yopmail.com|Pc_Z-#Le9D_Juv|2009-03-03|CoreneEllerey1|1|1
Myriam|Seagraves|Myriam.Seagraves@yopmail.com|Pc_Z-#Le9D_Juv|1963-09-07|MyriamSeagraves1|1|1
Benita|Riordan|Benita.Riordan@yopmail.com|Pc_Z-#Le9D_Juv|1931-01-12|BenitaRiordan1|1|1
Kore|Pip|Kore.Pip@yopmail.com|Pc_Z-#Le9D_Juv|2013-04-27|KorePip1|1|1
Edyth|Billye|Edyth.Billye@yopmail.com|Pc_Z-#Le9D_Juv|1936-01-30|EdythBillye1|1|1
Nadine|Ralfston|Nadine.Ralfston@yopmail.com|Pc_Z-#Le9D_Juv|1959-02-16|NadineRalfston1|1|1
Jordan|Wittie|Jordan.Wittie@yopmail.com|Pc_Z-#Le9D_Juv|1971-09-25|JordanWittie1|1|1
Leeanne|Bluh|Leeanne.Bluh@yopmail.com|Pc_Z-#Le9D_Juv|1920-02-22|LeeanneBluh1|1|1
Kathi|Pulsifer|Kathi.Pulsifer@yopmail.com|Pc_Z-#Le9D_Juv|1995-11-18|KathiPulsifer1|1|1
Lizzie|Felizio|Lizzie.Felizio@yopmail.com|Pc_Z-#Le9D_Juv|1984-07-11|LizzieFelizio1|1|1
Hallie|Eldrid|Hallie.Eldrid@yopmail.com|Pc_Z-#Le9D_Juv|1945-05-10|HallieEldrid1|1|1
Carolina|Rudolph|Carolina.Rudolph@yopmail.com|Pc_Z-#Le9D_Juv|1908-01-27|CarolinaRudolph1|1|1
Darci|Ax|Darci.Ax@yopmail.com|Pc_Z-#Le9D_Juv|2019-07-09|DarciAx1|1|1
Iseabal|Annice|Iseabal.Annice@yopmail.com|Pc_Z-#Le9D_Juv|1915-07-01|IseabalAnnice1|1|1
Lesly|Kunin|Lesly.Kunin@yopmail.com|Pc_Z-#Le9D_Juv|1926-07-08|LeslyKunin1|1|1
June|Judye|June.Judye@yopmail.com|Pc_Z-#Le9D_Juv|1981-08-30|JuneJudye1|1|1
Briney|Rheingold|Briney.Rheingold@yopmail.com|Pc_Z-#Le9D_Juv|1941-09-15|BrineyRheingold1|1|1
Gale|Blase|Gale.Blase@yopmail.com|Pc_Z-#Le9D_Juv|1958-07-05|GaleBlase1|1|1
Karina|Fadiman|Karina.Fadiman@yopmail.com|Pc_Z-#Le9D_Juv|1955-01-15|KarinaFadiman1|1|1
Nerta|Edison|Nerta.Edison@yopmail.com|Pc_Z-#Le9D_Juv|2013-05-07|NertaEdison1|1|1
Florencia|Delila|Florencia.Delila@yopmail.com|Pc_Z-#Le9D_Juv|1927-11-23|FlorenciaDelila1|1|1
Rhea|Marcellus|Rhea.Marcellus@yopmail.com|Pc_Z-#Le9D_Juv|2007-02-24|RheaMarcellus1|1|1
Kathy|Brenn|Kathy.Brenn@yopmail.com|Pc_Z-#Le9D_Juv|1904-06-24|KathyBrenn1|1|1
Blinni|Tound|Blinni.Tound@yopmail.com|Pc_Z-#Le9D_Juv|1989-09-12|BlinniTound1|1|1
Shandie|Posner|Shandie.Posner@yopmail.com|Pc_Z-#Le9D_Juv|1905-01-05|ShandiePosner1|1|1
Ardenia|Cassius|Ardenia.Cassius@yopmail.com|Pc_Z-#Le9D_Juv|1997-04-11|ArdeniaCassius1|1|1
Marita|Nikaniki|Marita.Nikaniki@yopmail.com|Pc_Z-#Le9D_Juv|1915-09-07|MaritaNikaniki1|1|1
Zia|Jaylene|Zia.Jaylene@yopmail.com|Pc_Z-#Le9D_Juv|1909-03-31|ZiaJaylene1|1|1
Lacie|Vale|Lacie.Vale@yopmail.com|Pc_Z-#Le9D_Juv|1991-11-03|LacieVale1|1|1
Clo|Fillbert|Clo.Fillbert@yopmail.com|Pc_Z-#Le9D_Juv|1921-08-31|CloFillbert1|1|1
Aurelie|Gualtiero|Aurelie.Gualtiero@yopmail.com|Pc_Z-#Le9D_Juv|1900-09-13|AurelieGualtiero1|1|1
Grier|Kamaria|Grier.Kamaria@yopmail.com|Pc_Z-#Le9D_Juv|1946-12-30|GrierKamaria1|1|1
Jemie|Krystle|Jemie.Krystle@yopmail.com|Pc_Z-#Le9D_Juv|1912-01-19|JemieKrystle1|1|1
Amara|Montgomery|Amara.Montgomery@yopmail.com|Pc_Z-#Le9D_Juv|1951-04-23|AmaraMontgomery1|1|1
Esmeralda|Drus|Esmeralda.Drus@yopmail.com|Pc_Z-#Le9D_Juv|1949-05-01|EsmeraldaDrus1|1|1
Farrah|Edvard|Farrah.Edvard@yopmail.com|Pc_Z-#Le9D_Juv|1997-03-08|FarrahEdvard1|1|1
Maud|Erminia|Maud.Erminia@yopmail.com|Pc_Z-#Le9D_Juv|1937-05-13|MaudErminia1|1|1
Natka|Pozzy|Natka.Pozzy@yopmail.com|Pc_Z-#Le9D_Juv|1989-06-18|NatkaPozzy1|1|1
Blondelle|Carolin|Blondelle.Carolin@yopmail.com|Pc_Z-#Le9D_Juv|1936-05-18|BlondelleCarolin1|1|1
Liana|Wandie|Liana.Wandie@yopmail.com|Pc_Z-#Le9D_Juv|1939-09-02|LianaWandie1|1|1
Corly|O'Carroll|Corly.O'Carroll@yopmail.com|Pc_Z-#Le9D_Juv|1983-03-19|CorlyO'Carroll1|1|1
Karina|Phaidra|Karina.Phaidra@yopmail.com|Pc_Z-#Le9D_Juv|1943-12-10|KarinaPhaidra1|1|1
Gale|Schonfeld|Gale.Schonfeld@yopmail.com|Pc_Z-#Le9D_Juv|1903-08-09|GaleSchonfeld1|1|1
Priscilla|Hurley|Priscilla.Hurley@yopmail.com|Pc_Z-#Le9D_Juv|1996-11-09|PriscillaHurley1|1|1
Bobbi|Morrill|Bobbi.Morrill@yopmail.com|Pc_Z-#Le9D_Juv|1916-03-14|BobbiMorrill1|1|1
Marline|Karl|Marline.Karl@yopmail.com|Pc_Z-#Le9D_Juv|1996-07-21|MarlineKarl1|1|1
Ariela|Borrell|Ariela.Borrell@yopmail.com|Pc_Z-#Le9D_Juv|1972-08-08|ArielaBorrell1|1|1
Felice|Bord|Felice.Bord@yopmail.com|Pc_Z-#Le9D_Juv|1954-05-23|FeliceBord1|1|1
Lenna|Faro|Lenna.Faro@yopmail.com|Pc_Z-#Le9D_Juv|1919-11-26|LennaFaro1|1|1
Sabina|Sigfrid|Sabina.Sigfrid@yopmail.com|Pc_Z-#Le9D_Juv|2008-06-04|SabinaSigfrid1|1|1
Thalia|Alcott|Thalia.Alcott@yopmail.com|Pc_Z-#Le9D_Juv|2011-09-02|ThaliaAlcott1|1|1
Damaris|Cosenza|Damaris.Cosenza@yopmail.com|Pc_Z-#Le9D_Juv|1903-11-03|DamarisCosenza1|1|1
Cathyleen|Nahum|Cathyleen.Nahum@yopmail.com|Pc_Z-#Le9D_Juv|1945-05-27|CathyleenNahum1|1|1
Edee|Pitt|Edee.Pitt@yopmail.com|Pc_Z-#Le9D_Juv|1959-11-09|EdeePitt1|1|1
Rebeca|Serilda|Rebeca.Serilda@yopmail.com|Pc_Z-#Le9D_Juv|1975-09-22|RebecaSerilda1|1|1
Chloris|Suanne|Chloris.Suanne@yopmail.com|Pc_Z-#Le9D_Juv|1967-01-23|ChlorisSuanne1|1|1
Jorry|Pattin|Jorry.Pattin@yopmail.com|Pc_Z-#Le9D_Juv|2000-03-28|JorryPattin1|1|1
Dede|Socha|Dede.Socha@yopmail.com|Pc_Z-#Le9D_Juv|1986-07-09|DedeSocha1|1|1
Brianna|Abbot|Brianna.Abbot@yopmail.com|Pc_Z-#Le9D_Juv|2010-03-08|BriannaAbbot1|1|1
Shel|Justinn|Shel.Justinn@yopmail.com|Pc_Z-#Le9D_Juv|1921-04-25|ShelJustinn1|1|1
Deedee|Marden|Deedee.Marden@yopmail.com|Pc_Z-#Le9D_Juv|1933-02-11|DeedeeMarden1|1|1
Genovera|Dash|Genovera.Dash@yopmail.com|Pc_Z-#Le9D_Juv|1920-01-01|GenoveraDash1|1|1
Sybille|Thilda|Sybille.Thilda@yopmail.com|Pc_Z-#Le9D_Juv|1921-02-12|SybilleThilda1|1|1
Sissy|Zina|Sissy.Zina@yopmail.com|Pc_Z-#Le9D_Juv|1967-04-23|SissyZina1|1|1
Courtnay|Etom|Courtnay.Etom@yopmail.com|Pc_Z-#Le9D_Juv|1979-10-01|CourtnayEtom1|1|1
Alia|Magnolia|Alia.Magnolia@yopmail.com|Pc_Z-#Le9D_Juv|2002-02-26|AliaMagnolia1|1|1
Nollie|Jena|Nollie.Jena@yopmail.com|Pc_Z-#Le9D_Juv|2007-08-05|NollieJena1|1|1
Priscilla|Nester|Priscilla.Nester@yopmail.com|Pc_Z-#Le9D_Juv|1905-07-17|PriscillaNester1|1|1
Cassondra|Bibi|Cassondra.Bibi@yopmail.com|Pc_Z-#Le9D_Juv|1954-02-02|CassondraBibi1|1|1
Emelina|Stanwood|Emelina.Stanwood@yopmail.com|Pc_Z-#Le9D_Juv|1959-11-05|EmelinaStanwood1|1|1
Nariko|Agle|Nariko.Agle@yopmail.com|Pc_Z-#Le9D_Juv|2005-05-15|NarikoAgle1|1|1
Netty|Olnee|Netty.Olnee@yopmail.com|Pc_Z-#Le9D_Juv|1956-08-13|NettyOlnee1|1|1
Chloris|Alva|Chloris.Alva@yopmail.com|Pc_Z-#Le9D_Juv|1971-10-21|ChlorisAlva1|1|1
Myriam|Vanni|Myriam.Vanni@yopmail.com|Pc_Z-#Le9D_Juv|2004-05-16|MyriamVanni1|1|1
Ayn|Bohlin|Ayn.Bohlin@yopmail.com|Pc_Z-#Le9D_Juv|1974-06-05|AynBohlin1|1|1
Melodie|Quent|Melodie.Quent@yopmail.com|Pc_Z-#Le9D_Juv|1988-04-30|MelodieQuent1|1|1
Elsie|Aida|Elsie.Aida@yopmail.com|Pc_Z-#Le9D_Juv|1971-08-20|ElsieAida1|1|1
Cissiee|Manolo|Cissiee.Manolo@yopmail.com|Pc_Z-#Le9D_Juv|1932-02-22|CissieeManolo1|1|1
Trudie|Johanna|Trudie.Johanna@yopmail.com|Pc_Z-#Le9D_Juv|1968-01-05|TrudieJohanna1|1|1
June|Syd|June.Syd@yopmail.com|Pc_Z-#Le9D_Juv|1919-02-10|JuneSyd1|1|1
Kelly|Penelopa|Kelly.Penelopa@yopmail.com|Pc_Z-#Le9D_Juv|1940-07-04|KellyPenelopa1|1|1
Starla|Bertold|Starla.Bertold@yopmail.com|Pc_Z-#Le9D_Juv|1983-12-10|StarlaBertold1|1|1
Atlanta|Weitman|Atlanta.Weitman@yopmail.com|Pc_Z-#Le9D_Juv|1927-12-08|AtlantaWeitman1|1|1
Frieda|Bebe|Frieda.Bebe@yopmail.com|Pc_Z-#Le9D_Juv|1918-09-30|FriedaBebe1|1|1
Candy|Jillane|Candy.Jillane@yopmail.com|Pc_Z-#Le9D_Juv|1942-01-12|CandyJillane1|1|1
Constance|Kellby|Constance.Kellby@yopmail.com|Pc_Z-#Le9D_Juv|1932-07-17|ConstanceKellby1|1|1
Flory|Tybald|Flory.Tybald@yopmail.com|Pc_Z-#Le9D_Juv|1923-01-04|FloryTybald1|1|1
Debee|Joni|Debee.Joni@yopmail.com|Pc_Z-#Le9D_Juv|1993-06-29|DebeeJoni1|1|1
Joleen|Dowski|Joleen.Dowski@yopmail.com|Pc_Z-#Le9D_Juv|2018-08-13|JoleenDowski1|1|1
Cordi|Arquit|Cordi.Arquit@yopmail.com|Pc_Z-#Le9D_Juv|1968-01-27|CordiArquit1|1|1
Gretal|Harriman|Gretal.Harriman@yopmail.com|Pc_Z-#Le9D_Juv|1994-11-05|GretalHarriman1|1|1
Fredericka|Rad|Fredericka.Rad@yopmail.com|Pc_Z-#Le9D_Juv|2017-08-31|FrederickaRad1|1|1
Maye|Maurine|Maye.Maurine@yopmail.com|Pc_Z-#Le9D_Juv|1919-10-02|MayeMaurine1|1|1
Linet|Means|Linet.Means@yopmail.com|Pc_Z-#Le9D_Juv|1997-01-31|LinetMeans1|1|1
Christal|Gavrila|Christal.Gavrila@yopmail.com|Pc_Z-#Le9D_Juv|2000-12-27|ChristalGavrila1|1|1
Deane|Glovsky|Deane.Glovsky@yopmail.com|Pc_Z-#Le9D_Juv|1910-02-13|DeaneGlovsky1|1|1
Agnese|Devlen|Agnese.Devlen@yopmail.com|Pc_Z-#Le9D_Juv|1948-10-08|AgneseDevlen1|1|1
Steffane|Loleta|Steffane.Loleta@yopmail.com|Pc_Z-#Le9D_Juv|1997-06-17|SteffaneLoleta1|1|1
Ekaterina|Edvard|Ekaterina.Edvard@yopmail.com|Pc_Z-#Le9D_Juv|2004-06-27|EkaterinaEdvard1|1|1
Frances|Sawtelle|Frances.Sawtelle@yopmail.com|Pc_Z-#Le9D_Juv|1931-01-27|FrancesSawtelle1|1|1
Mamie|Jalbert|Mamie.Jalbert@yopmail.com|Pc_Z-#Le9D_Juv|1975-06-15|MamieJalbert1|1|1
Lily|Dearborn|Lily.Dearborn@yopmail.com|Pc_Z-#Le9D_Juv|1941-08-16|LilyDearborn1|1|1
Chandra|Brotherson|Chandra.Brotherson@yopmail.com|Pc_Z-#Le9D_Juv|1951-05-15|ChandraBrotherson1|1|1
Ursulina|Afton|Ursulina.Afton@yopmail.com|Pc_Z-#Le9D_Juv|1986-04-04|UrsulinaAfton1|1|1
Lanae|Hazlett|Lanae.Hazlett@yopmail.com|Pc_Z-#Le9D_Juv|1971-09-27|LanaeHazlett1|1|1
Cacilie|Rocray|Cacilie.Rocray@yopmail.com|Pc_Z-#Le9D_Juv|1953-09-13|CacilieRocray1|1|1
Annice|Ax|Annice.Ax@yopmail.com|Pc_Z-#Le9D_Juv|1925-08-30|AnniceAx1|1|1
Brynna|Paine|Brynna.Paine@yopmail.com|Pc_Z-#Le9D_Juv|1989-05-23|BrynnaPaine1|1|1
Konstance|Schenck|Konstance.Schenck@yopmail.com|Pc_Z-#Le9D_Juv|1930-11-12|KonstanceSchenck1|1|1
Kayla|Susannah|Kayla.Susannah@yopmail.com|Pc_Z-#Le9D_Juv|1995-09-27|KaylaSusannah1|1|1
Ottilie|Toffic|Ottilie.Toffic@yopmail.com|Pc_Z-#Le9D_Juv|1907-03-28|OttilieToffic1|1|1
Claudina|Allare|Claudina.Allare@yopmail.com|Pc_Z-#Le9D_Juv|1916-02-26|ClaudinaAllare1|1|1
Oona|Phyllis|Oona.Phyllis@yopmail.com|Pc_Z-#Le9D_Juv|2011-07-17|OonaPhyllis1|1|1
Bernardine|Buckler|Bernardine.Buckler@yopmail.com|Pc_Z-#Le9D_Juv|1904-10-22|BernardineBuckler1|1|1
Maud|LaRue|Maud.LaRue@yopmail.com|Pc_Z-#Le9D_Juv|1998-05-17|MaudLaRue1|1|1
Letizia|Colbert|Letizia.Colbert@yopmail.com|Pc_Z-#Le9D_Juv|2015-06-06|LetiziaColbert1|1|1
Babita|Johnsson|Babita.Johnsson@yopmail.com|Pc_Z-#Le9D_Juv|2004-12-19|BabitaJohnsson1|1|1
Lizzie|Whiffen|Lizzie.Whiffen@yopmail.com|Pc_Z-#Le9D_Juv|1925-02-26|LizzieWhiffen1|1|1
Kristina|Shields|Kristina.Shields@yopmail.com|Pc_Z-#Le9D_Juv|1938-11-11|KristinaShields1|1|1
Hallie|Korey|Hallie.Korey@yopmail.com|Pc_Z-#Le9D_Juv|1908-07-15|HallieKorey1|1|1
Reeba|Maroney|Reeba.Maroney@yopmail.com|Pc_Z-#Le9D_Juv|1938-08-22|ReebaMaroney1|1|1
Mellicent|Bari|Mellicent.Bari@yopmail.com|Pc_Z-#Le9D_Juv|1930-08-11|MellicentBari1|1|1
Taffy|Orpah|Taffy.Orpah@yopmail.com|Pc_Z-#Le9D_Juv|1976-12-03|TaffyOrpah1|1|1
Janenna|Hillel|Janenna.Hillel@yopmail.com|Pc_Z-#Le9D_Juv|2003-11-27|JanennaHillel1|1|1
Claresta|Gherardo|Claresta.Gherardo@yopmail.com|Pc_Z-#Le9D_Juv|1912-06-22|ClarestaGherardo1|1|1
Teddie|Merna|Teddie.Merna@yopmail.com|Pc_Z-#Le9D_Juv|1953-12-07|TeddieMerna1|1|1
Dawn|Ricki|Dawn.Ricki@yopmail.com|Pc_Z-#Le9D_Juv|1965-05-07|DawnRicki1|1|1
Olwen|Gaynor|Olwen.Gaynor@yopmail.com|Pc_Z-#Le9D_Juv|1910-05-13|OlwenGaynor1|1|1
Emylee|Turne|Emylee.Turne@yopmail.com|Pc_Z-#Le9D_Juv|2019-04-06|EmyleeTurne1|1|1
Codie|Tamar|Codie.Tamar@yopmail.com|Pc_Z-#Le9D_Juv|1903-12-21|CodieTamar1|1|1
Deloria|Tound|Deloria.Tound@yopmail.com|Pc_Z-#Le9D_Juv|1996-02-29|DeloriaTound1|1|1
Ardys|McCutcheon|Ardys.McCutcheon@yopmail.com|Pc_Z-#Le9D_Juv|1988-01-23|ArdysMcCutcheon1|1|1
Kial|Amasa|Kial.Amasa@yopmail.com|Pc_Z-#Le9D_Juv|2001-05-26|KialAmasa1|1|1
Ermengarde|Jorgan|Ermengarde.Jorgan@yopmail.com|Pc_Z-#Le9D_Juv|1929-06-21|ErmengardeJorgan1|1|1
Georgetta|Darian|Georgetta.Darian@yopmail.com|Pc_Z-#Le9D_Juv|1947-11-28|GeorgettaDarian1|1|1
Jaime|Robertson|Jaime.Robertson@yopmail.com|Pc_Z-#Le9D_Juv|1984-05-03|JaimeRobertson1|1|1
Winifred|Chem|Winifred.Chem@yopmail.com|Pc_Z-#Le9D_Juv|1902-03-18|WinifredChem1|1|1
Steffane|Kolnick|Steffane.Kolnick@yopmail.com|Pc_Z-#Le9D_Juv|1991-08-10|SteffaneKolnick1|1|1
Norine|Lorenz|Norine.Lorenz@yopmail.com|Pc_Z-#Le9D_Juv|1937-12-15|NorineLorenz1|1|1
Luci|Flita|Luci.Flita@yopmail.com|Pc_Z-#Le9D_Juv|1975-11-08|LuciFlita1|1|1
Annecorinne|Narton|Annecorinne.Narton@yopmail.com|Pc_Z-#Le9D_Juv|1915-03-09|AnnecorinneNarton1|1|1
Kaia|Rona|Kaia.Rona@yopmail.com|Pc_Z-#Le9D_Juv|1980-08-14|KaiaRona1|1|1
Cassandra|Trinetta|Cassandra.Trinetta@yopmail.com|Pc_Z-#Le9D_Juv|2011-03-01|CassandraTrinetta1|1|1
Chrystel|Schalles|Chrystel.Schalles@yopmail.com|Pc_Z-#Le9D_Juv|1984-04-10|ChrystelSchalles1|1|1
Sean|Standing|Sean.Standing@yopmail.com|Pc_Z-#Le9D_Juv|1932-05-09|SeanStanding1|1|1
Jenilee|Bettine|Jenilee.Bettine@yopmail.com|Pc_Z-#Le9D_Juv|1947-05-14|JenileeBettine1|1|1
Vinita|Sallyann|Vinita.Sallyann@yopmail.com|Pc_Z-#Le9D_Juv|1984-09-26|VinitaSallyann1|1|1
Dominga|Millda|Dominga.Millda@yopmail.com|Pc_Z-#Le9D_Juv|1942-05-30|DomingaMillda1|1|1
Bibby|Ader|Bibby.Ader@yopmail.com|Pc_Z-#Le9D_Juv|2002-01-08|BibbyAder1|1|1
Rochette|Wallis|Rochette.Wallis@yopmail.com|Pc_Z-#Le9D_Juv|2001-01-04|RochetteWallis1|1|1
Kirstin|Fulmer|Kirstin.Fulmer@yopmail.com|Pc_Z-#Le9D_Juv|1990-11-24|KirstinFulmer1|1|1
Sharai|Sothena|Sharai.Sothena@yopmail.com|Pc_Z-#Le9D_Juv|1958-07-29|SharaiSothena1|1|1
Laure|Muriel|Laure.Muriel@yopmail.com|Pc_Z-#Le9D_Juv|2006-10-26|LaureMuriel1|1|1
Hope|Justinn|Hope.Justinn@yopmail.com|Pc_Z-#Le9D_Juv|1994-06-28|HopeJustinn1|1|1
Valera|Calhoun|Valera.Calhoun@yopmail.com|Pc_Z-#Le9D_Juv|1953-02-03|ValeraCalhoun1|1|1
Addia|Tengdin|Addia.Tengdin@yopmail.com|Pc_Z-#Le9D_Juv|1998-08-10|AddiaTengdin1|1|1
Elsie|Israeli|Elsie.Israeli@yopmail.com|Pc_Z-#Le9D_Juv|2014-05-02|ElsieIsraeli1|1|1
Silvana|Lareena|Silvana.Lareena@yopmail.com|Pc_Z-#Le9D_Juv|1985-10-22|SilvanaLareena1|1|1
Elsie|Bertold|Elsie.Bertold@yopmail.com|Pc_Z-#Le9D_Juv|2009-12-06|ElsieBertold1|1|1
Carolina|Tremayne|Carolina.Tremayne@yopmail.com|Pc_Z-#Le9D_Juv|1928-01-22|CarolinaTremayne1|1|1
Kaja|Cherianne|Kaja.Cherianne@yopmail.com|Pc_Z-#Le9D_Juv|1903-10-06|KajaCherianne1|1|1
Therine|Martsen|Therine.Martsen@yopmail.com|Pc_Z-#Le9D_Juv|2005-02-11|TherineMartsen1|1|1
Oralee|Chapland|Oralee.Chapland@yopmail.com|Pc_Z-#Le9D_Juv|1909-09-24|OraleeChapland1|1|1
Max|Arne|Max.Arne@yopmail.com|Pc_Z-#Le9D_Juv|1937-03-11|MaxArne1|1|1
Brena|Alice|Brena.Alice@yopmail.com|Pc_Z-#Le9D_Juv|2003-11-18|BrenaAlice1|1|1
Daryl|Toor|Daryl.Toor@yopmail.com|Pc_Z-#Le9D_Juv|1911-07-11|DarylToor1|1|1
Gabriellia|Durante|Gabriellia.Durante@yopmail.com|Pc_Z-#Le9D_Juv|1913-03-11|GabrielliaDurante1|1|1
Frances|Grimbly|Frances.Grimbly@yopmail.com|Pc_Z-#Le9D_Juv|1991-03-03|FrancesGrimbly1|1|1
Anthia|Alarise|Anthia.Alarise@yopmail.com|Pc_Z-#Le9D_Juv|1925-01-02|AnthiaAlarise1|1|1
Clarice|Longfellow|Clarice.Longfellow@yopmail.com|Pc_Z-#Le9D_Juv|1959-09-03|ClariceLongfellow1|1|1
Tatiania|Lane|Tatiania.Lane@yopmail.com|Pc_Z-#Le9D_Juv|1916-09-30|TatianiaLane1|1|1
Pearline|Macey|Pearline.Macey@yopmail.com|Pc_Z-#Le9D_Juv|1922-04-18|PearlineMacey1|1|1
Jany|Billye|Jany.Billye@yopmail.com|Pc_Z-#Le9D_Juv|1969-10-31|JanyBillye1|1|1
Heida|Standing|Heida.Standing@yopmail.com|Pc_Z-#Le9D_Juv|1930-03-28|HeidaStanding1|1|1
Blondelle|Toor|Blondelle.Toor@yopmail.com|Pc_Z-#Le9D_Juv|1967-02-05|BlondelleToor1|1|1
Genevra|Susannah|Genevra.Susannah@yopmail.com|Pc_Z-#Le9D_Juv|1947-10-09|GenevraSusannah1|1|1
Bernie|Lea|Bernie.Lea@yopmail.com|Pc_Z-#Le9D_Juv|1946-03-09|BernieLea1|1|1
Meg|Loring|Meg.Loring@yopmail.com|Pc_Z-#Le9D_Juv|1942-04-26|MegLoring1|1|1
Max|Vivle|Max.Vivle@yopmail.com|Pc_Z-#Le9D_Juv|1980-04-06|MaxVivle1|1|1
Imojean|Korey|Imojean.Korey@yopmail.com|Pc_Z-#Le9D_Juv|1933-11-20|ImojeanKorey1|1|1
Gusella|Lilas|Gusella.Lilas@yopmail.com|Pc_Z-#Le9D_Juv|1969-10-25|GusellaLilas1|1|1
Lucy|Elisha|Lucy.Elisha@yopmail.com|Pc_Z-#Le9D_Juv|1976-04-22|LucyElisha1|1|1
Gwyneth|Rillings|Gwyneth.Rillings@yopmail.com|Pc_Z-#Le9D_Juv|1988-08-12|GwynethRillings1|1|1
Karolina|Idelia|Karolina.Idelia@yopmail.com|Pc_Z-#Le9D_Juv|1918-01-08|KarolinaIdelia1|1|1
Arlina|Timon|Arlina.Timon@yopmail.com|Pc_Z-#Le9D_Juv|1971-11-24|ArlinaTimon1|1|1
Sissy|Amadas|Sissy.Amadas@yopmail.com|Pc_Z-#Le9D_Juv|1950-08-13|SissyAmadas1|1|1
Mara|Loring|Mara.Loring@yopmail.com|Pc_Z-#Le9D_Juv|1953-04-12|MaraLoring1|1|1
Tilly|Eben|Tilly.Eben@yopmail.com|Pc_Z-#Le9D_Juv|1905-10-05|TillyEben1|1|1
Orsola|Greyson|Orsola.Greyson@yopmail.com|Pc_Z-#Le9D_Juv|2001-12-12|OrsolaGreyson1|1|1
Margalo|Pauly|Margalo.Pauly@yopmail.com|Pc_Z-#Le9D_Juv|1940-12-25|MargaloPauly1|1|1
Alia|Philipp|Alia.Philipp@yopmail.com|Pc_Z-#Le9D_Juv|2018-11-30|AliaPhilipp1|1|1
Bobinette|Lorenz|Bobinette.Lorenz@yopmail.com|Pc_Z-#Le9D_Juv|1973-01-24|BobinetteLorenz1|1|1
Donetta|Ioab|Donetta.Ioab@yopmail.com|Pc_Z-#Le9D_Juv|1959-12-23|DonettaIoab1|1|1
Elyssa|Vivle|Elyssa.Vivle@yopmail.com|Pc_Z-#Le9D_Juv|2019-02-20|ElyssaVivle1|1|1
Jean|Stelle|Jean.Stelle@yopmail.com|Pc_Z-#Le9D_Juv|1993-11-06|JeanStelle1|1|1
Kenna|Colbert|Kenna.Colbert@yopmail.com|Pc_Z-#Le9D_Juv|1906-07-02|KennaColbert1|1|1
Lilith|Hoenack|Lilith.Hoenack@yopmail.com|Pc_Z-#Le9D_Juv|1979-11-03|LilithHoenack1|1|1
Robbi|Slifka|Robbi.Slifka@yopmail.com|Pc_Z-#Le9D_Juv|1943-11-04|RobbiSlifka1|1|1
Melisent|Lindemann|Melisent.Lindemann@yopmail.com|Pc_Z-#Le9D_Juv|1917-05-16|MelisentLindemann1|1|1
Marnia|Gale|Marnia.Gale@yopmail.com|Pc_Z-#Le9D_Juv|1963-10-09|MarniaGale1|1|1
Noelle|Erb|Noelle.Erb@yopmail.com|Pc_Z-#Le9D_Juv|1963-02-12|NoelleErb1|1|1
Ardenia|Lewes|Ardenia.Lewes@yopmail.com|Pc_Z-#Le9D_Juv|1942-07-13|ArdeniaLewes1|1|1
Stephanie|Gilmour|Stephanie.Gilmour@yopmail.com|Pc_Z-#Le9D_Juv|1979-06-03|StephanieGilmour1|1|1
Gianina|Doig|Gianina.Doig@yopmail.com|Pc_Z-#Le9D_Juv|1906-06-29|GianinaDoig1|1|1
Reeba|McClimans|Reeba.McClimans@yopmail.com|Pc_Z-#Le9D_Juv|1973-02-26|ReebaMcClimans1|1|1
Janenna|Noman|Janenna.Noman@yopmail.com|Pc_Z-#Le9D_Juv|1960-10-30|JanennaNoman1|1|1
Aili|Seessel|Aili.Seessel@yopmail.com|Pc_Z-#Le9D_Juv|1954-03-17|AiliSeessel1|1|1
Ayn|Bonilla|Ayn.Bonilla@yopmail.com|Pc_Z-#Le9D_Juv|1929-11-09|AynBonilla1|1|1
Wynne|Gilbertson|Wynne.Gilbertson@yopmail.com|Pc_Z-#Le9D_Juv|1982-03-06|WynneGilbertson1|1|1
Kara-Lynn|Phyllis|Kara-Lynn.Phyllis@yopmail.com|Pc_Z-#Le9D_Juv|1953-08-19|Kara-LynnPhyllis1|1|1
Brandise|Lytton|Brandise.Lytton@yopmail.com|Pc_Z-#Le9D_Juv|1977-08-22|BrandiseLytton1|1|1
Nerta|Papageno|Nerta.Papageno@yopmail.com|Pc_Z-#Le9D_Juv|1964-06-08|NertaPapageno1|1|1
Cyndie|Yusuk|Cyndie.Yusuk@yopmail.com|Pc_Z-#Le9D_Juv|2005-03-15|CyndieYusuk1|1|1
Tobe|Ursulette|Tobe.Ursulette@yopmail.com|Pc_Z-#Le9D_Juv|1923-12-23|TobeUrsulette1|1|1
Ginnie|Holtz|Ginnie.Holtz@yopmail.com|Pc_Z-#Le9D_Juv|1922-10-21|GinnieHoltz1|1|1
Mahalia|Schonfeld|Mahalia.Schonfeld@yopmail.com|Pc_Z-#Le9D_Juv|1934-02-27|MahaliaSchonfeld1|1|1
Alameda|Therine|Alameda.Therine@yopmail.com|Pc_Z-#Le9D_Juv|1901-05-20|AlamedaTherine1|1|1
Cassandra|Israeli|Cassandra.Israeli@yopmail.com|Pc_Z-#Le9D_Juv|2012-02-21|CassandraIsraeli1|1|1
Lulita|Douglass|Lulita.Douglass@yopmail.com|Pc_Z-#Le9D_Juv|1917-06-08|LulitaDouglass1|1|1
Kary|Wind|Kary.Wind@yopmail.com|Pc_Z-#Le9D_Juv|1958-03-31|KaryWind1|1|1
Wileen|Freddi|Wileen.Freddi@yopmail.com|Pc_Z-#Le9D_Juv|1998-09-06|WileenFreddi1|1|1
Jordan|Kannry|Jordan.Kannry@yopmail.com|Pc_Z-#Le9D_Juv|1959-01-02|JordanKannry1|1|1
Adore|Ingra|Adore.Ingra@yopmail.com|Pc_Z-#Le9D_Juv|1973-11-06|AdoreIngra1|1|1
Tami|Nelsen|Tami.Nelsen@yopmail.com|Pc_Z-#Le9D_Juv|2019-03-16|TamiNelsen1|1|1
Sherrie|Aurelio|Sherrie.Aurelio@yopmail.com|Pc_Z-#Le9D_Juv|1929-08-24|SherrieAurelio1|1|1
Robbi|Sophronia|Robbi.Sophronia@yopmail.com|Pc_Z-#Le9D_Juv|1954-05-11|RobbiSophronia1|1|1
Roberta|Knowling|Roberta.Knowling@yopmail.com|Pc_Z-#Le9D_Juv|1946-01-19|RobertaKnowling1|1|1
Hope|Thornburg|Hope.Thornburg@yopmail.com|Pc_Z-#Le9D_Juv|1935-04-29|HopeThornburg1|1|1
Aimil|Oster|Aimil.Oster@yopmail.com|Pc_Z-#Le9D_Juv|1947-02-22|AimilOster1|1|1
Tomasina|Othilia|Tomasina.Othilia@yopmail.com|Pc_Z-#Le9D_Juv|2010-11-04|TomasinaOthilia1|1|1
Aaren|Elbertina|Aaren.Elbertina@yopmail.com|Pc_Z-#Le9D_Juv|1935-08-14|AarenElbertina1|1|1
Annice|Abram|Annice.Abram@yopmail.com|Pc_Z-#Le9D_Juv|2019-04-05|AnniceAbram1|1|1
Hyacinthe|Leopold|Hyacinthe.Leopold@yopmail.com|Pc_Z-#Le9D_Juv|1928-01-24|HyacintheLeopold1|1|1
Agathe|Rogerio|Agathe.Rogerio@yopmail.com|Pc_Z-#Le9D_Juv|1927-04-03|AgatheRogerio1|1|1
Isa|Vastah|Isa.Vastah@yopmail.com|Pc_Z-#Le9D_Juv|1982-09-24|IsaVastah1|1|1
Emmey|Fennessy|Emmey.Fennessy@yopmail.com|Pc_Z-#Le9D_Juv|2015-05-05|EmmeyFennessy1|1|1
Phylis|Henrie|Phylis.Henrie@yopmail.com|Pc_Z-#Le9D_Juv|1975-01-16|PhylisHenrie1|1|1
Kristan|Hebner|Kristan.Hebner@yopmail.com|Pc_Z-#Le9D_Juv|1981-11-16|KristanHebner1|1|1
Edith|Dowski|Edith.Dowski@yopmail.com|Pc_Z-#Le9D_Juv|1994-12-18|EdithDowski1|1|1
Anica|Federica|Anica.Federica@yopmail.com|Pc_Z-#Le9D_Juv|2012-03-25|AnicaFederica1|1|1
Cyb|Klemperer|Cyb.Klemperer@yopmail.com|Pc_Z-#Le9D_Juv|2009-10-26|CybKlemperer1|1|1
Joeann|Paine|Joeann.Paine@yopmail.com|Pc_Z-#Le9D_Juv|1901-05-31|JoeannPaine1|1|1
Claresta|Leffen|Claresta.Leffen@yopmail.com|Pc_Z-#Le9D_Juv|1904-02-28|ClarestaLeffen1|1|1
Lauryn|Yam|Lauryn.Yam@yopmail.com|Pc_Z-#Le9D_Juv|1909-10-18|LaurynYam1|1|1
Desirae|Swanhildas|Desirae.Swanhildas@yopmail.com|Pc_Z-#Le9D_Juv|1923-01-10|DesiraeSwanhildas1|1|1
Ingrid|Ax|Ingrid.Ax@yopmail.com|Pc_Z-#Le9D_Juv|1932-12-10|IngridAx1|1|1
Lynea|Hortensia|Lynea.Hortensia@yopmail.com|Pc_Z-#Le9D_Juv|2003-06-21|LyneaHortensia1|1|1
Livvyy|Stelle|Livvyy.Stelle@yopmail.com|Pc_Z-#Le9D_Juv|1941-06-30|LivvyyStelle1|1|1
Linet|Margret|Linet.Margret@yopmail.com|Pc_Z-#Le9D_Juv|1961-10-20|LinetMargret1|1|1
Ana|Merna|Ana.Merna@yopmail.com|Pc_Z-#Le9D_Juv|1968-01-10|AnaMerna1|1|1
Bernardine|Cavan|Bernardine.Cavan@yopmail.com|Pc_Z-#Le9D_Juv|1983-11-02|BernardineCavan1|1|1
Maridel|Merriott|Maridel.Merriott@yopmail.com|Pc_Z-#Le9D_Juv|1990-08-12|MaridelMerriott1|1|1
Shaylyn|Luhe|Shaylyn.Luhe@yopmail.com|Pc_Z-#Le9D_Juv|1931-07-24|ShaylynLuhe1|1|1
Correy|Arathorn|Correy.Arathorn@yopmail.com|Pc_Z-#Le9D_Juv|1905-10-31|CorreyArathorn1|1|1
Emilia|Millda|Emilia.Millda@yopmail.com|Pc_Z-#Le9D_Juv|1912-04-07|EmiliaMillda1|1|1
Mariann|Berne|Mariann.Berne@yopmail.com|Pc_Z-#Le9D_Juv|1974-09-20|MariannBerne1|1|1
Alyda|Kirstin|Alyda.Kirstin@yopmail.com|Pc_Z-#Le9D_Juv|1958-07-01|AlydaKirstin1|1|1
Elka|Helfand|Elka.Helfand@yopmail.com|Pc_Z-#Le9D_Juv|1999-07-13|ElkaHelfand1|1|1
Antonietta|Elbertina|Antonietta.Elbertina@yopmail.com|Pc_Z-#Le9D_Juv|1961-05-30|AntoniettaElbertina1|1|1
Ariela|Isidore|Ariela.Isidore@yopmail.com|Pc_Z-#Le9D_Juv|1981-11-13|ArielaIsidore1|1|1
Cyb|Merriott|Cyb.Merriott@yopmail.com|Pc_Z-#Le9D_Juv|2008-04-19|CybMerriott1|1|1
Marline|Fancie|Marline.Fancie@yopmail.com|Pc_Z-#Le9D_Juv|1937-12-09|MarlineFancie1|1|1
Correy|Janith|Correy.Janith@yopmail.com|Pc_Z-#Le9D_Juv|1919-06-16|CorreyJanith1|1|1
Maye|Alejoa|Maye.Alejoa@yopmail.com|Pc_Z-#Le9D_Juv|1989-04-22|MayeAlejoa1|1|1
Clary|Burch|Clary.Burch@yopmail.com|Pc_Z-#Le9D_Juv|1910-06-13|ClaryBurch1|1|1
Dotty|Sparhawk|Dotty.Sparhawk@yopmail.com|Pc_Z-#Le9D_Juv|1927-10-14|DottySparhawk1|1|1
Brandise|Sallyann|Brandise.Sallyann@yopmail.com|Pc_Z-#Le9D_Juv|1927-12-22|BrandiseSallyann1|1|1
Gui|Marlie|Gui.Marlie@yopmail.com|Pc_Z-#Le9D_Juv|1935-08-10|GuiMarlie1|1|1
Danny|Raseda|Danny.Raseda@yopmail.com|Pc_Z-#Le9D_Juv|1932-04-30|DannyRaseda1|1|1
Aeriela|Gaal|Aeriela.Gaal@yopmail.com|Pc_Z-#Le9D_Juv|1976-10-11|AerielaGaal1|1|1
Adelle|Allys|Adelle.Allys@yopmail.com|Pc_Z-#Le9D_Juv|1984-05-07|AdelleAllys1|1|1
Alisha|Fadiman|Alisha.Fadiman@yopmail.com|Pc_Z-#Le9D_Juv|1947-02-21|AlishaFadiman1|1|1
Ardenia|Penelopa|Ardenia.Penelopa@yopmail.com|Pc_Z-#Le9D_Juv|1985-10-07|ArdeniaPenelopa1|1|1
Kimmy|Whittaker|Kimmy.Whittaker@yopmail.com|Pc_Z-#Le9D_Juv|2018-11-28|KimmyWhittaker1|1|1
Andeee|Flyn|Andeee.Flyn@yopmail.com|Pc_Z-#Le9D_Juv|1942-11-06|AndeeeFlyn1|1|1
Arabel|Waite|Arabel.Waite@yopmail.com|Pc_Z-#Le9D_Juv|1921-07-16|ArabelWaite1|1|1
Chastity|Billye|Chastity.Billye@yopmail.com|Pc_Z-#Le9D_Juv|2017-03-29|ChastityBillye1|1|1
Joelly|Sherfield|Joelly.Sherfield@yopmail.com|Pc_Z-#Le9D_Juv|1948-07-09|JoellySherfield1|1|1
Tami|Cecile|Tami.Cecile@yopmail.com|Pc_Z-#Le9D_Juv|2005-09-30|TamiCecile1|1|1
Madeleine|Clara|Madeleine.Clara@yopmail.com|Pc_Z-#Le9D_Juv|1947-03-23|MadeleineClara1|1|1
Deloria|Gaal|Deloria.Gaal@yopmail.com|Pc_Z-#Le9D_Juv|1930-09-30|DeloriaGaal1|1|1
Karolina|Sothena|Karolina.Sothena@yopmail.com|Pc_Z-#Le9D_Juv|1991-11-20|KarolinaSothena1|1|1
Doralynne|Ummersen|Doralynne.Ummersen@yopmail.com|Pc_Z-#Le9D_Juv|1914-10-06|DoralynneUmmersen1|1|1
Charissa|Emmy|Charissa.Emmy@yopmail.com|Pc_Z-#Le9D_Juv|2004-07-14|CharissaEmmy1|1|1
Cyb|Sadowski|Cyb.Sadowski@yopmail.com|Pc_Z-#Le9D_Juv|1979-04-03|CybSadowski1|1|1
Gisela|Drisko|Gisela.Drisko@yopmail.com|Pc_Z-#Le9D_Juv|2013-04-03|GiselaDrisko1|1|1
Emmey|Terencio|Emmey.Terencio@yopmail.com|Pc_Z-#Le9D_Juv|2019-03-17|EmmeyTerencio1|1|1
Meg|Callista|Meg.Callista@yopmail.com|Pc_Z-#Le9D_Juv|1939-03-22|MegCallista1|1|1
Gusty|Ezar|Gusty.Ezar@yopmail.com|Pc_Z-#Le9D_Juv|2016-12-19|GustyEzar1|1|1
Nannie|Sundin|Nannie.Sundin@yopmail.com|Pc_Z-#Le9D_Juv|2014-07-15|NannieSundin1|1|1
Ada|Leonard|Ada.Leonard@yopmail.com|Pc_Z-#Le9D_Juv|1963-01-21|AdaLeonard1|1|1
Lulita|Kristi|Lulita.Kristi@yopmail.com|Pc_Z-#Le9D_Juv|2012-02-15|LulitaKristi1|1|1
Silvana|Saree|Silvana.Saree@yopmail.com|Pc_Z-#Le9D_Juv|2017-05-05|SilvanaSaree1|1|1
Lily|Kolnick|Lily.Kolnick@yopmail.com|Pc_Z-#Le9D_Juv|1917-11-20|LilyKolnick1|1|1
Ira|Myrilla|Ira.Myrilla@yopmail.com|Pc_Z-#Le9D_Juv|2011-09-14|IraMyrilla1|1|1
Nikki|Adrienne|Nikki.Adrienne@yopmail.com|Pc_Z-#Le9D_Juv|1947-08-07|NikkiAdrienne1|1|1
Ann-Marie|Yerkovich|Ann-Marie.Yerkovich@yopmail.com|Pc_Z-#Le9D_Juv|2019-10-21|Ann-MarieYerkovich1|1|1
Corina|Bow|Corina.Bow@yopmail.com|Pc_Z-#Le9D_Juv|1976-08-21|CorinaBow1|1|1
Goldie|Hollingsworth|Goldie.Hollingsworth@yopmail.com|Pc_Z-#Le9D_Juv|1933-12-09|GoldieHollingsworth1|1|1
Zondra|Brenn|Zondra.Brenn@yopmail.com|Pc_Z-#Le9D_Juv|1996-01-16|ZondraBrenn1|1|1
Molli|Juliet|Molli.Juliet@yopmail.com|Pc_Z-#Le9D_Juv|1924-10-26|MolliJuliet1|1|1
Tamqrah|Bethany|Tamqrah.Bethany@yopmail.com|Pc_Z-#Le9D_Juv|2001-08-15|TamqrahBethany1|1|1
Basia|Longfellow|Basia.Longfellow@yopmail.com|Pc_Z-#Le9D_Juv|1927-02-27|BasiaLongfellow1|1|1
Gerrie|Eben|Gerrie.Eben@yopmail.com|Pc_Z-#Le9D_Juv|1904-04-30|GerrieEben1|1|1
Damaris|Franza|Damaris.Franza@yopmail.com|Pc_Z-#Le9D_Juv|1962-11-25|DamarisFranza1|1|1
Ericka|Bultman|Ericka.Bultman@yopmail.com|Pc_Z-#Le9D_Juv|1981-03-04|ErickaBultman1|1|1
Ketti|Guthrie|Ketti.Guthrie@yopmail.com|Pc_Z-#Le9D_Juv|2012-06-06|KettiGuthrie1|1|1
Jenda|Whiffen|Jenda.Whiffen@yopmail.com|Pc_Z-#Le9D_Juv|1936-07-05|JendaWhiffen1|1|1
Viviene|Hoenack|Viviene.Hoenack@yopmail.com|Pc_Z-#Le9D_Juv|1950-10-24|VivieneHoenack1|1|1
Valli|Fulmer|Valli.Fulmer@yopmail.com|Pc_Z-#Le9D_Juv|1930-11-23|ValliFulmer1|1|1
Rhea|Kaja|Rhea.Kaja@yopmail.com|Pc_Z-#Le9D_Juv|1979-01-19|RheaKaja1|1|1
Petronia|Libna|Petronia.Libna@yopmail.com|Pc_Z-#Le9D_Juv|1929-10-03|PetroniaLibna1|1|1
Katleen|Joeann|Katleen.Joeann@yopmail.com|Pc_Z-#Le9D_Juv|1964-04-21|KatleenJoeann1|1|1
Zia|Podvin|Zia.Podvin@yopmail.com|Pc_Z-#Le9D_Juv|1998-11-06|ZiaPodvin1|1|1
Aubrie|Codding|Aubrie.Codding@yopmail.com|Pc_Z-#Le9D_Juv|1943-07-13|AubrieCodding1|1|1
Marti|Arquit|Marti.Arquit@yopmail.com|Pc_Z-#Le9D_Juv|1993-10-10|MartiArquit1|1|1
Regina|Anton|Regina.Anton@yopmail.com|Pc_Z-#Le9D_Juv|1946-05-24|ReginaAnton1|1|1
Jaime|Lesley|Jaime.Lesley@yopmail.com|Pc_Z-#Le9D_Juv|1948-06-08|JaimeLesley1|1|1
Wanda|Middleton|Wanda.Middleton@yopmail.com|Pc_Z-#Le9D_Juv|2009-02-18|WandaMiddleton1|1|1
Frances|Amethist|Frances.Amethist@yopmail.com|Pc_Z-#Le9D_Juv|1905-06-11|FrancesAmethist1|1|1
Eolanda|Old|Eolanda.Old@yopmail.com|Pc_Z-#Le9D_Juv|1968-01-04|EolandaOld1|1|1
Chickie|Henebry|Chickie.Henebry@yopmail.com|Pc_Z-#Le9D_Juv|2010-11-28|ChickieHenebry1|1|1
Marcy|Peti|Marcy.Peti@yopmail.com|Pc_Z-#Le9D_Juv|1901-06-17|MarcyPeti1|1|1
Verla|Phi|Verla.Phi@yopmail.com|Pc_Z-#Le9D_Juv|1966-10-24|VerlaPhi1|1|1
Courtnay|Ricarda|Courtnay.Ricarda@yopmail.com|Pc_Z-#Le9D_Juv|1949-08-02|CourtnayRicarda1|1|1
Kirstin|Blase|Kirstin.Blase@yopmail.com|Pc_Z-#Le9D_Juv|1977-02-11|KirstinBlase1|1|1
Kamilah|Ade|Kamilah.Ade@yopmail.com|Pc_Z-#Le9D_Juv|1936-12-18|KamilahAde1|1|1
Brena|Clie|Brena.Clie@yopmail.com|Pc_Z-#Le9D_Juv|1972-10-23|BrenaClie1|1|1
Violet|Justinn|Violet.Justinn@yopmail.com|Pc_Z-#Le9D_Juv|1992-12-03|VioletJustinn1|1|1
Georgetta|Nickola|Georgetta.Nickola@yopmail.com|Pc_Z-#Le9D_Juv|1967-03-24|GeorgettaNickola1|1|1
Wynne|Merat|Wynne.Merat@yopmail.com|Pc_Z-#Le9D_Juv|1991-03-24|WynneMerat1|1|1
Bobinette|Elsinore|Bobinette.Elsinore@yopmail.com|Pc_Z-#Le9D_Juv|1917-10-09|BobinetteElsinore1|1|1
Emylee|Garek|Emylee.Garek@yopmail.com|Pc_Z-#Le9D_Juv|1953-10-26|EmyleeGarek1|1|1
Wileen|Garrison|Wileen.Garrison@yopmail.com|Pc_Z-#Le9D_Juv|1970-12-12|WileenGarrison1|1|1
Kristina|Koehler|Kristina.Koehler@yopmail.com|Pc_Z-#Le9D_Juv|1949-02-03|KristinaKoehler1|1|1
Emmey|Merriott|Emmey.Merriott@yopmail.com|Pc_Z-#Le9D_Juv|1965-10-15|EmmeyMerriott1|1|1
Vere|Roumell|Vere.Roumell@yopmail.com|Pc_Z-#Le9D_Juv|1976-06-16|VereRoumell1|1|1
Adele|Diann|Adele.Diann@yopmail.com|Pc_Z-#Le9D_Juv|1901-04-14|AdeleDiann1|1|1
Mary|Bouchard|Mary.Bouchard@yopmail.com|Pc_Z-#Le9D_Juv|1901-09-30|MaryBouchard1|1|1
Peri|Stacy|Peri.Stacy@yopmail.com|Pc_Z-#Le9D_Juv|1976-03-08|PeriStacy1|1|1
Sindee|Gibbeon|Sindee.Gibbeon@yopmail.com|Pc_Z-#Le9D_Juv|2013-05-05|SindeeGibbeon1|1|1
Siana|Henrie|Siana.Henrie@yopmail.com|Pc_Z-#Le9D_Juv|1975-11-23|SianaHenrie1|1|1
Yetty|Linehan|Yetty.Linehan@yopmail.com|Pc_Z-#Le9D_Juv|1972-03-25|YettyLinehan1|1|1
Bill|Sallyann|Bill.Sallyann@yopmail.com|Pc_Z-#Le9D_Juv|2018-12-17|BillSallyann1|1|1
Jordan|Chapland|Jordan.Chapland@yopmail.com|Pc_Z-#Le9D_Juv|2005-05-17|JordanChapland1|1|1
Carolina|Chesna|Carolina.Chesna@yopmail.com|Pc_Z-#Le9D_Juv|1969-03-26|CarolinaChesna1|1|1
Edyth|Neva|Edyth.Neva@yopmail.com|Pc_Z-#Le9D_Juv|1984-01-27|EdythNeva1|1|1
Sandie|Cyrie|Sandie.Cyrie@yopmail.com|Pc_Z-#Le9D_Juv|1959-05-20|SandieCyrie1|1|1
Vinita|Schonfeld|Vinita.Schonfeld@yopmail.com|Pc_Z-#Le9D_Juv|1964-09-20|VinitaSchonfeld1|1|1
Sophia|Arquit|Sophia.Arquit@yopmail.com|Pc_Z-#Le9D_Juv|2002-12-07|SophiaArquit1|1|1
Brooks|Gwenore|Brooks.Gwenore@yopmail.com|Pc_Z-#Le9D_Juv|1940-04-26|BrooksGwenore1|1|1
Nonnah|Olnee|Nonnah.Olnee@yopmail.com|Pc_Z-#Le9D_Juv|1901-04-18|NonnahOlnee1|1|1
Kara-Lynn|Katrine|Kara-Lynn.Katrine@yopmail.com|Pc_Z-#Le9D_Juv|2017-01-22|Kara-LynnKatrine1|1|1
Nessie|Gavrila|Nessie.Gavrila@yopmail.com|Pc_Z-#Le9D_Juv|1994-12-31|NessieGavrila1|1|1
Althea|Gabrielli|Althea.Gabrielli@yopmail.com|Pc_Z-#Le9D_Juv|1963-10-29|AltheaGabrielli1|1|1
Elie|Roumell|Elie.Roumell@yopmail.com|Pc_Z-#Le9D_Juv|1967-01-18|ElieRoumell1|1|1
Ana|Toni|Ana.Toni@yopmail.com|Pc_Z-#Le9D_Juv|1995-03-28|AnaToni1|1|1
Ronna|Elephus|Ronna.Elephus@yopmail.com|Pc_Z-#Le9D_Juv|1989-02-17|RonnaElephus1|1|1
Anallese|Magdalen|Anallese.Magdalen@yopmail.com|Pc_Z-#Le9D_Juv|2018-02-23|AnalleseMagdalen1|1|1
Farrah|Audly|Farrah.Audly@yopmail.com|Pc_Z-#Le9D_Juv|1922-07-04|FarrahAudly1|1|1
Christy|Emanuel|Christy.Emanuel@yopmail.com|Pc_Z-#Le9D_Juv|1979-03-16|ChristyEmanuel1|1|1
Edyth|Friede|Edyth.Friede@yopmail.com|Pc_Z-#Le9D_Juv|1938-10-29|EdythFriede1|1|1
Bernardine|Colbert|Bernardine.Colbert@yopmail.com|Pc_Z-#Le9D_Juv|1909-11-30|BernardineColbert1|1|1
Magdalena|Letsou|Magdalena.Letsou@yopmail.com|Pc_Z-#Le9D_Juv|2000-06-02|MagdalenaLetsou1|1|1
Ninnetta|Greenwald|Ninnetta.Greenwald@yopmail.com|Pc_Z-#Le9D_Juv|1975-08-07|NinnettaGreenwald1|1|1
Mignon|Hortensia|Mignon.Hortensia@yopmail.com|Pc_Z-#Le9D_Juv|2005-04-13|MignonHortensia1|1|1
Tera|Fillbert|Tera.Fillbert@yopmail.com|Pc_Z-#Le9D_Juv|1952-06-07|TeraFillbert1|1|1
Zondra|Pandolfi|Zondra.Pandolfi@yopmail.com|Pc_Z-#Le9D_Juv|1971-11-30|ZondraPandolfi1|1|1
Heida|Gaspard|Heida.Gaspard@yopmail.com|Pc_Z-#Le9D_Juv|1997-11-23|HeidaGaspard1|1|1
Katharina|Ader|Katharina.Ader@yopmail.com|Pc_Z-#Le9D_Juv|1934-12-14|KatharinaAder1|1|1
Harmonia|Redmond|Harmonia.Redmond@yopmail.com|Pc_Z-#Le9D_Juv|1996-09-13|HarmoniaRedmond1|1|1
Kial|Egbert|Kial.Egbert@yopmail.com|Pc_Z-#Le9D_Juv|1989-08-17|KialEgbert1|1|1
Dominga|Roche|Dominga.Roche@yopmail.com|Pc_Z-#Le9D_Juv|1996-03-15|DomingaRoche1|1|1
Patricia|Brandice|Patricia.Brandice@yopmail.com|Pc_Z-#Le9D_Juv|2009-04-24|PatriciaBrandice1|1|1
Minda|Martguerita|Minda.Martguerita@yopmail.com|Pc_Z-#Le9D_Juv|1944-07-30|MindaMartguerita1|1|1
Rosanne|Rese|Rosanne.Rese@yopmail.com|Pc_Z-#Le9D_Juv|1934-07-31|RosanneRese1|1|1
Elsie|Dichy|Elsie.Dichy@yopmail.com|Pc_Z-#Le9D_Juv|1999-09-01|ElsieDichy1|1|1
Raina|Olnee|Raina.Olnee@yopmail.com|Pc_Z-#Le9D_Juv|1997-11-24|RainaOlnee1|1|1
Ida|Anselmi|Ida.Anselmi@yopmail.com|Pc_Z-#Le9D_Juv|1900-11-17|IdaAnselmi1|1|1
Marjie|Dorothy|Marjie.Dorothy@yopmail.com|Pc_Z-#Le9D_Juv|1946-09-16|MarjieDorothy1|1|1
Jenilee|Girardo|Jenilee.Girardo@yopmail.com|Pc_Z-#Le9D_Juv|1915-07-05|JenileeGirardo1|1|1
Larine|Pillsbury|Larine.Pillsbury@yopmail.com|Pc_Z-#Le9D_Juv|1929-05-12|LarinePillsbury1|1|1
Emelina|Florina|Emelina.Florina@yopmail.com|Pc_Z-#Le9D_Juv|1921-07-20|EmelinaFlorina1|1|1
Janis|Bashemeth|Janis.Bashemeth@yopmail.com|Pc_Z-#Le9D_Juv|1959-07-18|JanisBashemeth1|1|1
Ivett|Thema|Ivett.Thema@yopmail.com|Pc_Z-#Le9D_Juv|1977-12-05|IvettThema1|1|1
Monika|Cadmar|Monika.Cadmar@yopmail.com|Pc_Z-#Le9D_Juv|1916-08-05|MonikaCadmar1|1|1
Renie|Croix|Renie.Croix@yopmail.com|Pc_Z-#Le9D_Juv|1903-09-06|RenieCroix1|1|1
Nelle|Barney|Nelle.Barney@yopmail.com|Pc_Z-#Le9D_Juv|1953-03-29|NelleBarney1|1|1
Edyth|Narton|Edyth.Narton@yopmail.com|Pc_Z-#Le9D_Juv|2009-03-13|EdythNarton1|1|1
Sharai|Ilka|Sharai.Ilka@yopmail.com|Pc_Z-#Le9D_Juv|1926-03-15|SharaiIlka1|1|1
Silvana|Amand|Silvana.Amand@yopmail.com|Pc_Z-#Le9D_Juv|1968-11-25|SilvanaAmand1|1|1
Grier|Ezar|Grier.Ezar@yopmail.com|Pc_Z-#Le9D_Juv|1934-05-05|GrierEzar1|1|1
Meghann|Travax|Meghann.Travax@yopmail.com|Pc_Z-#Le9D_Juv|2016-06-27|MeghannTravax1|1|1
Deedee|Raseda|Deedee.Raseda@yopmail.com|Pc_Z-#Le9D_Juv|1938-10-26|DeedeeRaseda1|1|1
Sharlene|Holtz|Sharlene.Holtz@yopmail.com|Pc_Z-#Le9D_Juv|1909-03-11|SharleneHoltz1|1|1
Inga|Azeria|Inga.Azeria@yopmail.com|Pc_Z-#Le9D_Juv|2017-07-23|IngaAzeria1|1|1
Ginnie|Yoko|Ginnie.Yoko@yopmail.com|Pc_Z-#Le9D_Juv|2018-01-31|GinnieYoko1|1|1
Lisette|Cordi|Lisette.Cordi@yopmail.com|Pc_Z-#Le9D_Juv|1938-05-02|LisetteCordi1|1|1
Regina|Dichy|Regina.Dichy@yopmail.com|Pc_Z-#Le9D_Juv|1951-06-14|ReginaDichy1|1|1
Melina|Aldric|Melina.Aldric@yopmail.com|Pc_Z-#Le9D_Juv|1976-02-02|MelinaAldric1|1|1
Reeba|Cutlerr|Reeba.Cutlerr@yopmail.com|Pc_Z-#Le9D_Juv|1972-10-04|ReebaCutlerr1|1|1
Valera|Ciapas|Valera.Ciapas@yopmail.com|Pc_Z-#Le9D_Juv|1974-05-05|ValeraCiapas1|1|1
Clo|Rurik|Clo.Rurik@yopmail.com|Pc_Z-#Le9D_Juv|2003-08-17|CloRurik1|1|1
Fina|Cordi|Fina.Cordi@yopmail.com|Pc_Z-#Le9D_Juv|1948-06-22|FinaCordi1|1|1
Sallie|Nadia|Sallie.Nadia@yopmail.com|Pc_Z-#Le9D_Juv|1965-11-16|SallieNadia1|1|1
Tressa|Phi|Tressa.Phi@yopmail.com|Pc_Z-#Le9D_Juv|1933-11-13|TressaPhi1|1|1
Bertine|Neils|Bertine.Neils@yopmail.com|Pc_Z-#Le9D_Juv|1926-07-06|BertineNeils1|1|1
Corina|Dermott|Corina.Dermott@yopmail.com|Pc_Z-#Le9D_Juv|1915-08-18|CorinaDermott1|1|1
Kate|Brotherson|Kate.Brotherson@yopmail.com|Pc_Z-#Le9D_Juv|1900-07-27|KateBrotherson1|1|1
Jemie|Corabella|Jemie.Corabella@yopmail.com|Pc_Z-#Le9D_Juv|1919-05-25|JemieCorabella1|1|1
Lily|Estella|Lily.Estella@yopmail.com|Pc_Z-#Le9D_Juv|2019-06-19|LilyEstella1|1|1
Darci|Charity|Darci.Charity@yopmail.com|Pc_Z-#Le9D_Juv|2006-12-17|DarciCharity1|1|1
Ellette|Nunci|Ellette.Nunci@yopmail.com|Pc_Z-#Le9D_Juv|1940-06-28|ElletteNunci1|1|1
Vinita|Newell|Vinita.Newell@yopmail.com|Pc_Z-#Le9D_Juv|1922-03-10|VinitaNewell1|1|1
Kittie|Claudine|Kittie.Claudine@yopmail.com|Pc_Z-#Le9D_Juv|1927-03-17|KittieClaudine1|1|1
Nita|Helve|Nita.Helve@yopmail.com|Pc_Z-#Le9D_Juv|1972-02-02|NitaHelve1|1|1
Kore|Bord|Kore.Bord@yopmail.com|Pc_Z-#Le9D_Juv|1926-04-10|KoreBord1|1|1
Roslyn|Terencio|Roslyn.Terencio@yopmail.com|Pc_Z-#Le9D_Juv|1998-05-21|RoslynTerencio1|1|1
Fawne|Sophronia|Fawne.Sophronia@yopmail.com|Pc_Z-#Le9D_Juv|1965-05-18|FawneSophronia1|1|1
Hettie|Brenn|Hettie.Brenn@yopmail.com|Pc_Z-#Le9D_Juv|1954-09-13|HettieBrenn1|1|1
Dulcinea|Linskey|Dulcinea.Linskey@yopmail.com|Pc_Z-#Le9D_Juv|2002-08-19|DulcineaLinskey1|1|1
Berget|Viddah|Berget.Viddah@yopmail.com|Pc_Z-#Le9D_Juv|2004-02-28|BergetViddah1|1|1
Tiffie|Sharl|Tiffie.Sharl@yopmail.com|Pc_Z-#Le9D_Juv|2005-02-11|TiffieSharl1|1|1
Cissiee|Posner|Cissiee.Posner@yopmail.com|Pc_Z-#Le9D_Juv|1954-06-10|CissieePosner1|1|1
Ernesta|Hieronymus|Ernesta.Hieronymus@yopmail.com|Pc_Z-#Le9D_Juv|1992-08-20|ErnestaHieronymus1|1|1
Gaylene|Lindemann|Gaylene.Lindemann@yopmail.com|Pc_Z-#Le9D_Juv|1919-02-15|GayleneLindemann1|1|1
Elmira|Valoniah|Elmira.Valoniah@yopmail.com|Pc_Z-#Le9D_Juv|1960-06-10|ElmiraValoniah1|1|1
Ruthe|Fairweather|Ruthe.Fairweather@yopmail.com|Pc_Z-#Le9D_Juv|1937-06-08|RutheFairweather1|1|1
Dennie|Berriman|Dennie.Berriman@yopmail.com|Pc_Z-#Le9D_Juv|1911-08-08|DennieBerriman1|1|1
Elie|Behre|Elie.Behre@yopmail.com|Pc_Z-#Le9D_Juv|1941-10-08|ElieBehre1|1|1
Latisha|Fennessy|Latisha.Fennessy@yopmail.com|Pc_Z-#Le9D_Juv|1950-11-22|LatishaFennessy1|1|1
Gwyneth|Clara|Gwyneth.Clara@yopmail.com|Pc_Z-#Le9D_Juv|2011-10-03|GwynethClara1|1|1
Philis|Brunell|Philis.Brunell@yopmail.com|Pc_Z-#Le9D_Juv|1912-08-15|PhilisBrunell1|1|1
Nickie|Lynn|Nickie.Lynn@yopmail.com|Pc_Z-#Le9D_Juv|1966-03-19|NickieLynn1|1|1
Tracey|Isidore|Tracey.Isidore@yopmail.com|Pc_Z-#Le9D_Juv|1921-03-18|TraceyIsidore1|1|1
Elena|Chick|Elena.Chick@yopmail.com|Pc_Z-#Le9D_Juv|1930-09-11|ElenaChick1|1|1
Darci|Annice|Darci.Annice@yopmail.com|Pc_Z-#Le9D_Juv|1925-05-26|DarciAnnice1|1|1
Natka|Orpah|Natka.Orpah@yopmail.com|Pc_Z-#Le9D_Juv|1987-08-10|NatkaOrpah1|1|1
Tybie|Danby|Tybie.Danby@yopmail.com|Pc_Z-#Le9D_Juv|1988-02-17|TybieDanby1|1|1
Basia|Flita|Basia.Flita@yopmail.com|Pc_Z-#Le9D_Juv|1959-05-08|BasiaFlita1|1|1
Glenda|Isidore|Glenda.Isidore@yopmail.com|Pc_Z-#Le9D_Juv|1924-07-21|GlendaIsidore1|1|1
Claresta|Wittie|Claresta.Wittie@yopmail.com|Pc_Z-#Le9D_Juv|2001-06-01|ClarestaWittie1|1|1
Riannon|Telfer|Riannon.Telfer@yopmail.com|Pc_Z-#Le9D_Juv|1941-05-15|RiannonTelfer1|1|1
Corly|Taam|Corly.Taam@yopmail.com|Pc_Z-#Le9D_Juv|2000-03-12|CorlyTaam1|1|1
Gusty|Nisbet|Gusty.Nisbet@yopmail.com|Pc_Z-#Le9D_Juv|1999-12-15|GustyNisbet1|1|1
Philis|Nance|Philis.Nance@yopmail.com|Pc_Z-#Le9D_Juv|1900-08-20|PhilisNance1|1|1
Jerry|Hylan|Jerry.Hylan@yopmail.com|Pc_Z-#Le9D_Juv|1948-11-12|JerryHylan1|1|1
Blondelle|Klemperer|Blondelle.Klemperer@yopmail.com|Pc_Z-#Le9D_Juv|1943-08-09|BlondelleKlemperer1|1|1
Magdalena|Nea|Magdalena.Nea@yopmail.com|Pc_Z-#Le9D_Juv|1959-08-21|MagdalenaNea1|1|1
Robbi|Larochelle|Robbi.Larochelle@yopmail.com|Pc_Z-#Le9D_Juv|1984-04-01|RobbiLarochelle1|1|1
Natka|Ajay|Natka.Ajay@yopmail.com|Pc_Z-#Le9D_Juv|1956-08-20|NatkaAjay1|1|1
Mariann|Darrell|Mariann.Darrell@yopmail.com|Pc_Z-#Le9D_Juv|1984-09-25|MariannDarrell1|1|1
Angela|Zachary|Angela.Zachary@yopmail.com|Pc_Z-#Le9D_Juv|1960-03-10|AngelaZachary1|1|1
Ruthe|Raychel|Ruthe.Raychel@yopmail.com|Pc_Z-#Le9D_Juv|2011-11-20|RutheRaychel1|1|1
Judy|Donoghue|Judy.Donoghue@yopmail.com|Pc_Z-#Le9D_Juv|1986-12-31|JudyDonoghue1|1|1
Marnia|Margarete|Marnia.Margarete@yopmail.com|Pc_Z-#Le9D_Juv|2002-12-22|MarniaMargarete1|1|1
Atlanta|Rodmann|Atlanta.Rodmann@yopmail.com|Pc_Z-#Le9D_Juv|1934-02-12|AtlantaRodmann1|1|1
Briney|Ezar|Briney.Ezar@yopmail.com|Pc_Z-#Le9D_Juv|2002-01-12|BrineyEzar1|1|1
Felice|Parsaye|Felice.Parsaye@yopmail.com|Pc_Z-#Le9D_Juv|1940-01-06|FeliceParsaye1|1|1
Ronna|Codding|Ronna.Codding@yopmail.com|Pc_Z-#Le9D_Juv|1930-09-14|RonnaCodding1|1|1
Adelle|Greyson|Adelle.Greyson@yopmail.com|Pc_Z-#Le9D_Juv|1916-07-08|AdelleGreyson1|1|1
Flory|Cosenza|Flory.Cosenza@yopmail.com|Pc_Z-#Le9D_Juv|1910-10-31|FloryCosenza1|1|1
Genovera|Old|Genovera.Old@yopmail.com|Pc_Z-#Le9D_Juv|1935-06-25|GenoveraOld1|1|1
Anica|Docilla|Anica.Docilla@yopmail.com|Pc_Z-#Le9D_Juv|1985-03-17|AnicaDocilla1|1|1
Brynna|Brittani|Brynna.Brittani@yopmail.com|Pc_Z-#Le9D_Juv|1974-07-25|BrynnaBrittani1|1|1
June|Krystle|June.Krystle@yopmail.com|Pc_Z-#Le9D_Juv|1969-03-06|JuneKrystle1|1|1
Betta|Parsaye|Betta.Parsaye@yopmail.com|Pc_Z-#Le9D_Juv|1923-11-09|BettaParsaye1|1|1
Bettine|Bow|Bettine.Bow@yopmail.com|Pc_Z-#Le9D_Juv|1963-09-10|BettineBow1|1|1
Mariele|Weinreb|Mariele.Weinreb@yopmail.com|Pc_Z-#Le9D_Juv|1982-12-19|MarieleWeinreb1|1|1
Zaria|Dalli|Zaria.Dalli@yopmail.com|Pc_Z-#Le9D_Juv|1967-03-27|ZariaDalli1|1|1
Joeann|Rhu|Joeann.Rhu@yopmail.com|Pc_Z-#Le9D_Juv|2000-07-21|JoeannRhu1|1|1
Deirdre|Wandie|Deirdre.Wandie@yopmail.com|Pc_Z-#Le9D_Juv|1924-01-14|DeirdreWandie1|1|1
Betta|Suanne|Betta.Suanne@yopmail.com|Pc_Z-#Le9D_Juv|1964-02-17|BettaSuanne1|1|1
Sashenka|Tiffa|Sashenka.Tiffa@yopmail.com|Pc_Z-#Le9D_Juv|1987-05-09|SashenkaTiffa1|1|1
Violet|Norvol|Violet.Norvol@yopmail.com|Pc_Z-#Le9D_Juv|1998-07-11|VioletNorvol1|1|1
Carmencita|Adalbert|Carmencita.Adalbert@yopmail.com|Pc_Z-#Le9D_Juv|1922-10-30|CarmencitaAdalbert1|1|1
Kathi|Dawkins|Kathi.Dawkins@yopmail.com|Pc_Z-#Le9D_Juv|1998-12-27|KathiDawkins1|1|1
Selma|Ricki|Selma.Ricki@yopmail.com|Pc_Z-#Le9D_Juv|1974-07-28|SelmaRicki1|1|1
Jerry|Pandolfi|Jerry.Pandolfi@yopmail.com|Pc_Z-#Le9D_Juv|1996-12-14|JerryPandolfi1|1|1
Vere|Tybald|Vere.Tybald@yopmail.com|Pc_Z-#Le9D_Juv|1907-10-07|VereTybald1|1|1
Sharai|Richers|Sharai.Richers@yopmail.com|Pc_Z-#Le9D_Juv|1963-01-08|SharaiRichers1|1|1
Theodora|Cassius|Theodora.Cassius@yopmail.com|Pc_Z-#Le9D_Juv|1985-10-04|TheodoraCassius1|1|1
Morganica|Carvey|Morganica.Carvey@yopmail.com|Pc_Z-#Le9D_Juv|1923-04-13|MorganicaCarvey1|1|1
Aryn|Bakerman|Aryn.Bakerman@yopmail.com|Pc_Z-#Le9D_Juv|1939-10-14|ArynBakerman1|1|1
Candi|Jacobah|Candi.Jacobah@yopmail.com|Pc_Z-#Le9D_Juv|1918-01-17|CandiJacobah1|1|1
Fayre|Munn|Fayre.Munn@yopmail.com|Pc_Z-#Le9D_Juv|1940-10-04|FayreMunn1|1|1
Elbertina|Hewitt|Elbertina.Hewitt@yopmail.com|Pc_Z-#Le9D_Juv|1954-11-27|ElbertinaHewitt1|1|1
Janenna|Nance|Janenna.Nance@yopmail.com|Pc_Z-#Le9D_Juv|1940-04-03|JanennaNance1|1|1
Myriam|Yoko|Myriam.Yoko@yopmail.com|Pc_Z-#Le9D_Juv|1967-12-06|MyriamYoko1|1|1
Glenda|Hachmin|Glenda.Hachmin@yopmail.com|Pc_Z-#Le9D_Juv|1925-10-29|GlendaHachmin1|1|1
Raquela|Allina|Raquela.Allina@yopmail.com|Pc_Z-#Le9D_Juv|2016-03-17|RaquelaAllina1|1|1
Eolanda|Cecile|Eolanda.Cecile@yopmail.com|Pc_Z-#Le9D_Juv|1947-06-25|EolandaCecile1|1|1
Suzette|Waite|Suzette.Waite@yopmail.com|Pc_Z-#Le9D_Juv|1989-03-30|SuzetteWaite1|1|1
Ethel|Verger|Ethel.Verger@yopmail.com|Pc_Z-#Le9D_Juv|1968-06-13|EthelVerger1|1|1
Mellicent|Hamil|Mellicent.Hamil@yopmail.com|Pc_Z-#Le9D_Juv|1900-08-25|MellicentHamil1|1|1
Tierney|Lea|Tierney.Lea@yopmail.com|Pc_Z-#Le9D_Juv|1969-04-19|TierneyLea1|1|1
Maud|Hillel|Maud.Hillel@yopmail.com|Pc_Z-#Le9D_Juv|1958-06-08|MaudHillel1|1|1
Konstance|Henebry|Konstance.Henebry@yopmail.com|Pc_Z-#Le9D_Juv|1944-08-07|KonstanceHenebry1|1|1
Kara-Lynn|Bethany|Kara-Lynn.Bethany@yopmail.com|Pc_Z-#Le9D_Juv|1936-09-14|Kara-LynnBethany1|1|1
Leona|Tice|Leona.Tice@yopmail.com|Pc_Z-#Le9D_Juv|1964-04-06|LeonaTice1|1|1
Emelina|Laverne|Emelina.Laverne@yopmail.com|Pc_Z-#Le9D_Juv|1902-02-01|EmelinaLaverne1|1|1
Millie|Strephon|Millie.Strephon@yopmail.com|Pc_Z-#Le9D_Juv|1943-04-04|MillieStrephon1|1|1
Chrystel|Burch|Chrystel.Burch@yopmail.com|Pc_Z-#Le9D_Juv|1907-05-17|ChrystelBurch1|1|1
Betta|MacIntosh|Betta.MacIntosh@yopmail.com|Pc_Z-#Le9D_Juv|1987-02-11|BettaMacIntosh1|1|1
Merry|Terrence|Merry.Terrence@yopmail.com|Pc_Z-#Le9D_Juv|1937-10-12|MerryTerrence1|1|1
Teriann|Soneson|Teriann.Soneson@yopmail.com|Pc_Z-#Le9D_Juv|1968-09-04|TeriannSoneson1|1|1
Joane|Huggins|Joane.Huggins@yopmail.com|Pc_Z-#Le9D_Juv|2010-06-01|JoaneHuggins1|1|1
Steffane|Roscoe|Steffane.Roscoe@yopmail.com|Pc_Z-#Le9D_Juv|1936-08-09|SteffaneRoscoe1|1|1
Zia|Khorma|Zia.Khorma@yopmail.com|Pc_Z-#Le9D_Juv|1929-10-08|ZiaKhorma1|1|1
Laure|Delp|Laure.Delp@yopmail.com|Pc_Z-#Le9D_Juv|1985-08-26|LaureDelp1|1|1
Kirstin|Burkle|Kirstin.Burkle@yopmail.com|Pc_Z-#Le9D_Juv|1926-07-07|KirstinBurkle1|1|1
Claresta|Cristi|Claresta.Cristi@yopmail.com|Pc_Z-#Le9D_Juv|2008-09-30|ClarestaCristi1|1|1
Jemie|Cavan|Jemie.Cavan@yopmail.com|Pc_Z-#Le9D_Juv|1904-11-11|JemieCavan1|1|1
Anthia|Edee|Anthia.Edee@yopmail.com|Pc_Z-#Le9D_Juv|1930-07-19|AnthiaEdee1|1|1
Jere|Barney|Jere.Barney@yopmail.com|Pc_Z-#Le9D_Juv|1901-05-07|JereBarney1|1|1
Kaja|LaRue|Kaja.LaRue@yopmail.com|Pc_Z-#Le9D_Juv|1906-09-26|KajaLaRue1|1|1
Angelique|Kelula|Angelique.Kelula@yopmail.com|Pc_Z-#Le9D_Juv|1975-02-15|AngeliqueKelula1|1|1
Kathi|Germann|Kathi.Germann@yopmail.com|Pc_Z-#Le9D_Juv|1922-11-16|KathiGermann1|1|1
Nataline|Hillel|Nataline.Hillel@yopmail.com|Pc_Z-#Le9D_Juv|1923-08-07|NatalineHillel1|1|1
Sybille|Amasa|Sybille.Amasa@yopmail.com|Pc_Z-#Le9D_Juv|1992-04-05|SybilleAmasa1|1|1
Marinna|Fancie|Marinna.Fancie@yopmail.com|Pc_Z-#Le9D_Juv|2019-06-30|MarinnaFancie1|1|1
Dolli|Yam|Dolli.Yam@yopmail.com|Pc_Z-#Le9D_Juv|1937-08-12|DolliYam1|1|1
Sandie|McClimans|Sandie.McClimans@yopmail.com|Pc_Z-#Le9D_Juv|1966-07-19|SandieMcClimans1|1|1
Kassey|Catie|Kassey.Catie@yopmail.com|Pc_Z-#Le9D_Juv|1988-01-02|KasseyCatie1|1|1
Marti|Revkah|Marti.Revkah@yopmail.com|Pc_Z-#Le9D_Juv|1908-03-06|MartiRevkah1|1|1
Moyna|Knowling|Moyna.Knowling@yopmail.com|Pc_Z-#Le9D_Juv|1913-07-11|MoynaKnowling1|1|1
Laurene|Truc|Laurene.Truc@yopmail.com|Pc_Z-#Le9D_Juv|1942-04-28|LaureneTruc1|1|1
Gretal|Skell|Gretal.Skell@yopmail.com|Pc_Z-#Le9D_Juv|2006-03-26|GretalSkell1|1|1
Wilma|Annabella|Wilma.Annabella@yopmail.com|Pc_Z-#Le9D_Juv|1935-06-11|WilmaAnnabella1|1|1
Kalina|Warthman|Kalina.Warthman@yopmail.com|Pc_Z-#Le9D_Juv|1910-10-21|KalinaWarthman1|1|1
Phedra|Newell|Phedra.Newell@yopmail.com|Pc_Z-#Le9D_Juv|1983-05-24|PhedraNewell1|1|1
Ethel|Shelba|Ethel.Shelba@yopmail.com|Pc_Z-#Le9D_Juv|1989-09-21|EthelShelba1|1|1
Lulita|Merell|Lulita.Merell@yopmail.com|Pc_Z-#Le9D_Juv|1946-03-17|LulitaMerell1|1|1
Julieta|Yuille|Julieta.Yuille@yopmail.com|Pc_Z-#Le9D_Juv|2004-04-18|JulietaYuille1|1|1
Rayna|Westphal|Rayna.Westphal@yopmail.com|Pc_Z-#Le9D_Juv|1906-09-15|RaynaWestphal1|1|1
Marcelline|Jerald|Marcelline.Jerald@yopmail.com|Pc_Z-#Le9D_Juv|1996-12-03|MarcellineJerald1|1|1
Aimil|Buttaro|Aimil.Buttaro@yopmail.com|Pc_Z-#Le9D_Juv|1960-08-07|AimilButtaro1|1|1
Iseabal|Mike|Iseabal.Mike@yopmail.com|Pc_Z-#Le9D_Juv|1987-06-14|IseabalMike1|1|1
Fredericka|Lane|Fredericka.Lane@yopmail.com|Pc_Z-#Le9D_Juv|1935-08-22|FrederickaLane1|1|1
Sheelagh|Maples|Sheelagh.Maples@yopmail.com|Pc_Z-#Le9D_Juv|1962-11-26|SheelaghMaples1|1|1
Lyssa|Leffen|Lyssa.Leffen@yopmail.com|Pc_Z-#Le9D_Juv|1970-07-13|LyssaLeffen1|1|1
Chere|Ursulette|Chere.Ursulette@yopmail.com|Pc_Z-#Le9D_Juv|1931-01-25|ChereUrsulette1|1|1
Jordan|Seagraves|Jordan.Seagraves@yopmail.com|Pc_Z-#Le9D_Juv|1919-04-22|JordanSeagraves1|1|1
Vevay|Libna|Vevay.Libna@yopmail.com|Pc_Z-#Le9D_Juv|1926-09-20|VevayLibna1|1|1
Moyna|Fairweather|Moyna.Fairweather@yopmail.com|Pc_Z-#Le9D_Juv|1927-05-08|MoynaFairweather1|1|1
Arabel|Jehu|Arabel.Jehu@yopmail.com|Pc_Z-#Le9D_Juv|1965-04-04|ArabelJehu1|1|1
Lyssa|Bobbee|Lyssa.Bobbee@yopmail.com|Pc_Z-#Le9D_Juv|1999-05-13|LyssaBobbee1|1|1
Norine|Bevin|Norine.Bevin@yopmail.com|Pc_Z-#Le9D_Juv|1911-04-08|NorineBevin1|1|1
Reeba|Marisa|Reeba.Marisa@yopmail.com|Pc_Z-#Le9D_Juv|1901-06-28|ReebaMarisa1|1|1
Lilith|Andrel|Lilith.Andrel@yopmail.com|Pc_Z-#Le9D_Juv|1915-07-10|LilithAndrel1|1|1
Chrystel|Ball|Chrystel.Ball@yopmail.com|Pc_Z-#Le9D_Juv|1993-06-23|ChrystelBall1|1|1
Grier|Dimitris|Grier.Dimitris@yopmail.com|Pc_Z-#Le9D_Juv|1909-08-25|GrierDimitris1|1|1
Madelle|Sparhawk|Madelle.Sparhawk@yopmail.com|Pc_Z-#Le9D_Juv|1999-10-23|MadelleSparhawk1|1|1
Ida|Noelyn|Ida.Noelyn@yopmail.com|Pc_Z-#Le9D_Juv|1993-01-18|IdaNoelyn1|1|1
Mignon|Lane|Mignon.Lane@yopmail.com|Pc_Z-#Le9D_Juv|1965-11-20|MignonLane1|1|1
Sean|Podvin|Sean.Podvin@yopmail.com|Pc_Z-#Le9D_Juv|1922-03-10|SeanPodvin1|1|1
Anica|Toni|Anica.Toni@yopmail.com|Pc_Z-#Le9D_Juv|1990-04-10|AnicaToni1|1|1
Kirbee|Fry|Kirbee.Fry@yopmail.com|Pc_Z-#Le9D_Juv|1976-12-06|KirbeeFry1|1|1
Dorice|Desai|Dorice.Desai@yopmail.com|Pc_Z-#Le9D_Juv|2016-02-11|DoriceDesai1|1|1
Belinda|Margarete|Belinda.Margarete@yopmail.com|Pc_Z-#Le9D_Juv|1926-01-02|BelindaMargarete1|1|1
Kaia|Merna|Kaia.Merna@yopmail.com|Pc_Z-#Le9D_Juv|1924-03-21|KaiaMerna1|1|1
Lolita|Astra|Lolita.Astra@yopmail.com|Pc_Z-#Le9D_Juv|1923-11-03|LolitaAstra1|1|1
Almeta|Oster|Almeta.Oster@yopmail.com|Pc_Z-#Le9D_Juv|1993-11-03|AlmetaOster1|1|1
Roberta|Aloise|Roberta.Aloise@yopmail.com|Pc_Z-#Le9D_Juv|1917-06-04|RobertaAloise1|1|1
Flory|Nisbet|Flory.Nisbet@yopmail.com|Pc_Z-#Le9D_Juv|1992-12-05|FloryNisbet1|1|1
Mireielle|Aaberg|Mireielle.Aaberg@yopmail.com|Pc_Z-#Le9D_Juv|1963-06-01|MireielleAaberg1|1|1
Doralynne|Gualtiero|Doralynne.Gualtiero@yopmail.com|Pc_Z-#Le9D_Juv|1911-08-03|DoralynneGualtiero1|1|1
Anthia|Camden|Anthia.Camden@yopmail.com|Pc_Z-#Le9D_Juv|1906-01-11|AnthiaCamden1|1|1
Elyssa|Jalbert|Elyssa.Jalbert@yopmail.com|Pc_Z-#Le9D_Juv|2009-12-28|ElyssaJalbert1|1|1
Frances|Ellerey|Frances.Ellerey@yopmail.com|Pc_Z-#Le9D_Juv|1940-11-17|FrancesEllerey1|1|1
Priscilla|Chem|Priscilla.Chem@yopmail.com|Pc_Z-#Le9D_Juv|1925-11-22|PriscillaChem1|1|1
Alyda|Xerxes|Alyda.Xerxes@yopmail.com|Pc_Z-#Le9D_Juv|1992-06-28|AlydaXerxes1|1|1
Florencia|Frendel|Florencia.Frendel@yopmail.com|Pc_Z-#Le9D_Juv|1926-02-21|FlorenciaFrendel1|1|1
Merry|Whiffen|Merry.Whiffen@yopmail.com|Pc_Z-#Le9D_Juv|1932-02-19|MerryWhiffen1|1|1
Luci|Lorenz|Luci.Lorenz@yopmail.com|Pc_Z-#Le9D_Juv|1927-07-24|LuciLorenz1|1|1
Queenie|Tyson|Queenie.Tyson@yopmail.com|Pc_Z-#Le9D_Juv|1927-03-03|QueenieTyson1|1|1
Sindee|Etom|Sindee.Etom@yopmail.com|Pc_Z-#Le9D_Juv|1932-11-17|SindeeEtom1|1|1
Nadine|Gunn|Nadine.Gunn@yopmail.com|Pc_Z-#Le9D_Juv|1935-05-03|NadineGunn1|1|1
Kalina|Cherianne|Kalina.Cherianne@yopmail.com|Pc_Z-#Le9D_Juv|1952-09-15|KalinaCherianne1|1|1
Wilma|Federica|Wilma.Federica@yopmail.com|Pc_Z-#Le9D_Juv|1964-12-30|WilmaFederica1|1|1
Amara|Abbot|Amara.Abbot@yopmail.com|Pc_Z-#Le9D_Juv|2007-09-18|AmaraAbbot1|1|1
Chickie|Daegal|Chickie.Daegal@yopmail.com|Pc_Z-#Le9D_Juv|2012-08-20|ChickieDaegal1|1|1
Deane|Nore|Deane.Nore@yopmail.com|Pc_Z-#Le9D_Juv|1970-05-21|DeaneNore1|1|1
Arlena|Muriel|Arlena.Muriel@yopmail.com|Pc_Z-#Le9D_Juv|1997-10-25|ArlenaMuriel1|1|1
Madalyn|Papageno|Madalyn.Papageno@yopmail.com|Pc_Z-#Le9D_Juv|2012-10-08|MadalynPapageno1|1|1
Rhoda|Zetta|Rhoda.Zetta@yopmail.com|Pc_Z-#Le9D_Juv|1967-11-22|RhodaZetta1|1|1
Rosabelle|Drus|Rosabelle.Drus@yopmail.com|Pc_Z-#Le9D_Juv|1947-01-05|RosabelleDrus1|1|1
Gilda|Audly|Gilda.Audly@yopmail.com|Pc_Z-#Le9D_Juv|1945-11-15|GildaAudly1|1|1
Chere|Warthman|Chere.Warthman@yopmail.com|Pc_Z-#Le9D_Juv|1942-10-05|ChereWarthman1|1|1
Merci|Vharat|Merci.Vharat@yopmail.com|Pc_Z-#Le9D_Juv|1928-04-21|MerciVharat1|1|1
Caritta|Joeann|Caritta.Joeann@yopmail.com|Pc_Z-#Le9D_Juv|1906-05-11|CarittaJoeann1|1|1
Jillayne|Franza|Jillayne.Franza@yopmail.com|Pc_Z-#Le9D_Juv|2003-10-16|JillayneFranza1|1|1
Atlanta|Ries|Atlanta.Ries@yopmail.com|Pc_Z-#Le9D_Juv|1989-10-13|AtlantaRies1|1|1
Merle|Keelia|Merle.Keelia@yopmail.com|Pc_Z-#Le9D_Juv|1975-06-23|MerleKeelia1|1|1
Shauna|Sholley|Shauna.Sholley@yopmail.com|Pc_Z-#Le9D_Juv|1932-11-15|ShaunaSholley1|1|1
Perry|Nedrud|Perry.Nedrud@yopmail.com|Pc_Z-#Le9D_Juv|1920-06-26|PerryNedrud1|1|1
Nikki|Friede|Nikki.Friede@yopmail.com|Pc_Z-#Le9D_Juv|2012-06-13|NikkiFriede1|1|1
Kittie|Ivens|Kittie.Ivens@yopmail.com|Pc_Z-#Le9D_Juv|1978-07-07|KittieIvens1|1|1
Lizzie|Suk|Lizzie.Suk@yopmail.com|Pc_Z-#Le9D_Juv|1904-08-15|LizzieSuk1|1|1
Mariann|Wildermuth|Mariann.Wildermuth@yopmail.com|Pc_Z-#Le9D_Juv|2003-07-14|MariannWildermuth1|1|1
Fernande|Hortensia|Fernande.Hortensia@yopmail.com|Pc_Z-#Le9D_Juv|1999-05-13|FernandeHortensia1|1|1
Demetris|Salvidor|Demetris.Salvidor@yopmail.com|Pc_Z-#Le9D_Juv|2008-03-07|DemetrisSalvidor1|1|1
Justinn|Fry|Justinn.Fry@yopmail.com|Pc_Z-#Le9D_Juv|1972-09-24|JustinnFry1|1|1
Willetta|Codding|Willetta.Codding@yopmail.com|Pc_Z-#Le9D_Juv|1976-07-20|WillettaCodding1|1|1
Lesly|Sallyann|Lesly.Sallyann@yopmail.com|Pc_Z-#Le9D_Juv|2000-01-13|LeslySallyann1|1|1
Dennie|Zaslow|Dennie.Zaslow@yopmail.com|Pc_Z-#Le9D_Juv|1956-01-22|DennieZaslow1|1|1
Alex|Raychel|Alex.Raychel@yopmail.com|Pc_Z-#Le9D_Juv|1972-02-24|AlexRaychel1|1|1
Mignon|Aprile|Mignon.Aprile@yopmail.com|Pc_Z-#Le9D_Juv|1932-10-25|MignonAprile1|1|1
Renae|Allare|Renae.Allare@yopmail.com|Pc_Z-#Le9D_Juv|1925-02-03|RenaeAllare1|1|1
Marguerite|Thilda|Marguerite.Thilda@yopmail.com|Pc_Z-#Le9D_Juv|1902-12-18|MargueriteThilda1|1|1
Layla|Creamer|Layla.Creamer@yopmail.com|Pc_Z-#Le9D_Juv|1944-03-08|LaylaCreamer1|1|1
Jobi|Clie|Jobi.Clie@yopmail.com|Pc_Z-#Le9D_Juv|1993-03-18|JobiClie1|1|1
Jobi|Ramona|Jobi.Ramona@yopmail.com|Pc_Z-#Le9D_Juv|1903-02-12|JobiRamona1|1|1
Clementine|Lasley|Clementine.Lasley@yopmail.com|Pc_Z-#Le9D_Juv|1916-04-23|ClementineLasley1|1|1
Luci|Bendick|Luci.Bendick@yopmail.com|Pc_Z-#Le9D_Juv|1969-07-20|LuciBendick1|1|1
Janenna|Ciapas|Janenna.Ciapas@yopmail.com|Pc_Z-#Le9D_Juv|1961-09-12|JanennaCiapas1|1|1
Shirlee|Barrus|Shirlee.Barrus@yopmail.com|Pc_Z-#Le9D_Juv|1986-10-28|ShirleeBarrus1|1|1
Goldie|Ellerey|Goldie.Ellerey@yopmail.com|Pc_Z-#Le9D_Juv|1909-10-02|GoldieEllerey1|1|1
Corly|Velick|Corly.Velick@yopmail.com|Pc_Z-#Le9D_Juv|2014-04-02|CorlyVelick1|1|1
Basia|Faust|Basia.Faust@yopmail.com|Pc_Z-#Le9D_Juv|1991-12-23|BasiaFaust1|1|1
Aaren|Raul|Aaren.Raul@yopmail.com|Pc_Z-#Le9D_Juv|1910-11-19|AarenRaul1|1|1
Joeann|Horan|Joeann.Horan@yopmail.com|Pc_Z-#Le9D_Juv|1974-12-16|JoeannHoran1|1|1
Amii|Lindemann|Amii.Lindemann@yopmail.com|Pc_Z-#Le9D_Juv|1956-04-17|AmiiLindemann1|1|1
Sam|Tristram|Sam.Tristram@yopmail.com|Pc_Z-#Le9D_Juv|2016-09-17|SamTristram1|1|1
Silvana|Goerke|Silvana.Goerke@yopmail.com|Pc_Z-#Le9D_Juv|1996-08-31|SilvanaGoerke1|1|1
Laure|Pierette|Laure.Pierette@yopmail.com|Pc_Z-#Le9D_Juv|1907-07-05|LaurePierette1|1|1
Kara-Lynn|Amethist|Kara-Lynn.Amethist@yopmail.com|Pc_Z-#Le9D_Juv|1930-09-26|Kara-LynnAmethist1|1|1
Maridel|Madox|Maridel.Madox@yopmail.com|Pc_Z-#Le9D_Juv|1925-09-09|MaridelMadox1|1|1
Fawne|Yusuk|Fawne.Yusuk@yopmail.com|Pc_Z-#Le9D_Juv|1914-12-17|FawneYusuk1|1|1
Britni|Decato|Britni.Decato@yopmail.com|Pc_Z-#Le9D_Juv|1988-03-02|BritniDecato1|1|1
Paule|Magnolia|Paule.Magnolia@yopmail.com|Pc_Z-#Le9D_Juv|1901-07-25|PauleMagnolia1|1|1
Esmeralda|Read|Esmeralda.Read@yopmail.com|Pc_Z-#Le9D_Juv|1960-08-08|EsmeraldaRead1|1|1
Mildrid|Berl|Mildrid.Berl@yopmail.com|Pc_Z-#Le9D_Juv|1996-11-09|MildridBerl1|1|1
Sarette|Georas|Sarette.Georas@yopmail.com|Pc_Z-#Le9D_Juv|1948-01-23|SaretteGeoras1|1|1
Chere|Reneta|Chere.Reneta@yopmail.com|Pc_Z-#Le9D_Juv|1917-08-12|ChereReneta1|1|1
Fina|Clywd|Fina.Clywd@yopmail.com|Pc_Z-#Le9D_Juv|1903-07-29|FinaClywd1|1|1
Elvira|Parsaye|Elvira.Parsaye@yopmail.com|Pc_Z-#Le9D_Juv|1970-08-22|ElviraParsaye1|1|1
Shel|Amethist|Shel.Amethist@yopmail.com|Pc_Z-#Le9D_Juv|1980-04-05|ShelAmethist1|1|1
Dari|Dulciana|Dari.Dulciana@yopmail.com|Pc_Z-#Le9D_Juv|1996-07-08|DariDulciana1|1|1
Zondra|Silvan|Zondra.Silvan@yopmail.com|Pc_Z-#Le9D_Juv|1950-09-22|ZondraSilvan1|1|1
Shauna|Kristi|Shauna.Kristi@yopmail.com|Pc_Z-#Le9D_Juv|1957-06-05|ShaunaKristi1|1|1
Amelia|Sidonius|Amelia.Sidonius@yopmail.com|Pc_Z-#Le9D_Juv|2013-11-07|AmeliaSidonius1|1|1
Vonny|Wattenberg|Vonny.Wattenberg@yopmail.com|Pc_Z-#Le9D_Juv|2016-02-08|VonnyWattenberg1|1|1
Edith|Poppy|Edith.Poppy@yopmail.com|Pc_Z-#Le9D_Juv|1981-11-02|EdithPoppy1|1|1
Bee|Lory|Bee.Lory@yopmail.com|Pc_Z-#Le9D_Juv|1970-06-17|BeeLory1|1|1
Romona|Nance|Romona.Nance@yopmail.com|Pc_Z-#Le9D_Juv|2015-02-17|RomonaNance1|1|1
Heddie|Madelene|Heddie.Madelene@yopmail.com|Pc_Z-#Le9D_Juv|1918-04-09|HeddieMadelene1|1|1
Inga|Sharl|Inga.Sharl@yopmail.com|Pc_Z-#Le9D_Juv|1913-09-24|IngaSharl1|1|1
Chickie|Pettiford|Chickie.Pettiford@yopmail.com|Pc_Z-#Le9D_Juv|1945-09-27|ChickiePettiford1|1|1
Dorene|Publia|Dorene.Publia@yopmail.com|Pc_Z-#Le9D_Juv|1947-06-19|DorenePublia1|1|1
Glenda|Toffic|Glenda.Toffic@yopmail.com|Pc_Z-#Le9D_Juv|1925-10-23|GlendaToffic1|1|1
Carree|Ackerley|Carree.Ackerley@yopmail.com|Pc_Z-#Le9D_Juv|1946-12-28|CarreeAckerley1|1|1
Marjie|Lilas|Marjie.Lilas@yopmail.com|Pc_Z-#Le9D_Juv|2019-08-19|MarjieLilas1|1|1
Angela|Guthrie|Angela.Guthrie@yopmail.com|Pc_Z-#Le9D_Juv|1978-04-07|AngelaGuthrie1|1|1
Reeba|Haldas|Reeba.Haldas@yopmail.com|Pc_Z-#Le9D_Juv|1904-04-08|ReebaHaldas1|1|1
Catrina|Berl|Catrina.Berl@yopmail.com|Pc_Z-#Le9D_Juv|1992-10-28|CatrinaBerl1|1|1
Janenna|Mike|Janenna.Mike@yopmail.com|Pc_Z-#Le9D_Juv|1969-10-29|JanennaMike1|1|1
Layla|Loleta|Layla.Loleta@yopmail.com|Pc_Z-#Le9D_Juv|1904-11-19|LaylaLoleta1|1|1
Gwenneth|Nore|Gwenneth.Nore@yopmail.com|Pc_Z-#Le9D_Juv|1973-04-18|GwennethNore1|1|1
Emmey|Sacken|Emmey.Sacken@yopmail.com|Pc_Z-#Le9D_Juv|1993-01-01|EmmeySacken1|1|1
Ida|Khorma|Ida.Khorma@yopmail.com|Pc_Z-#Le9D_Juv|2003-01-12|IdaKhorma1|1|1
Neila|Harned|Neila.Harned@yopmail.com|Pc_Z-#Le9D_Juv|1911-09-05|NeilaHarned1|1|1
Alyda|Helfand|Alyda.Helfand@yopmail.com|Pc_Z-#Le9D_Juv|1908-03-01|AlydaHelfand1|1|1
Lory|Dunkin|Lory.Dunkin@yopmail.com|Pc_Z-#Le9D_Juv|1940-01-29|LoryDunkin1|1|1
Cyndie|Grimbly|Cyndie.Grimbly@yopmail.com|Pc_Z-#Le9D_Juv|1923-11-01|CyndieGrimbly1|1|1
Celene|Mandler|Celene.Mandler@yopmail.com|Pc_Z-#Le9D_Juv|1910-10-24|CeleneMandler1|1|1
Hettie|Brodench|Hettie.Brodench@yopmail.com|Pc_Z-#Le9D_Juv|1932-02-29|HettieBrodench1|1|1
Gwyneth|Federica|Gwyneth.Federica@yopmail.com|Pc_Z-#Le9D_Juv|1923-08-24|GwynethFederica1|1|1
Albertina|Natalia|Albertina.Natalia@yopmail.com|Pc_Z-#Le9D_Juv|1943-04-29|AlbertinaNatalia1|1|1
Antonietta|Deny|Antonietta.Deny@yopmail.com|Pc_Z-#Le9D_Juv|2015-06-08|AntoniettaDeny1|1|1
Tersina|Arathorn|Tersina.Arathorn@yopmail.com|Pc_Z-#Le9D_Juv|1974-07-26|TersinaArathorn1|1|1
Ermengarde|Arne|Ermengarde.Arne@yopmail.com|Pc_Z-#Le9D_Juv|2009-07-20|ErmengardeArne1|1|1
Tersina|Ogren|Tersina.Ogren@yopmail.com|Pc_Z-#Le9D_Juv|1973-01-28|TersinaOgren1|1|1
Berget|Ietta|Berget.Ietta@yopmail.com|Pc_Z-#Le9D_Juv|1963-09-11|BergetIetta1|1|1
Cacilie|Hanshaw|Cacilie.Hanshaw@yopmail.com|Pc_Z-#Le9D_Juv|1937-08-09|CacilieHanshaw1|1|1
Lusa|Radu|Lusa.Radu@yopmail.com|Pc_Z-#Le9D_Juv|1988-05-29|LusaRadu1|1|1
Vivia|Santoro|Vivia.Santoro@yopmail.com|Pc_Z-#Le9D_Juv|1967-04-19|ViviaSantoro1|1|1
Jacquetta|Uird|Jacquetta.Uird@yopmail.com|Pc_Z-#Le9D_Juv|1927-05-13|JacquettaUird1|1|1
Marline|Wilona|Marline.Wilona@yopmail.com|Pc_Z-#Le9D_Juv|1933-12-19|MarlineWilona1|1|1
Vinita|Hailee|Vinita.Hailee@yopmail.com|Pc_Z-#Le9D_Juv|1939-04-01|VinitaHailee1|1|1
Jessamyn|Raffo|Jessamyn.Raffo@yopmail.com|Pc_Z-#Le9D_Juv|1957-07-20|JessamynRaffo1|1|1
Elfreda|Wu|Elfreda.Wu@yopmail.com|Pc_Z-#Le9D_Juv|1951-05-10|ElfredaWu1|1|1
Edith|Torray|Edith.Torray@yopmail.com|Pc_Z-#Le9D_Juv|1905-05-11|EdithTorray1|1|1
Darlleen|Trace|Darlleen.Trace@yopmail.com|Pc_Z-#Le9D_Juv|2009-02-09|DarlleenTrace1|1|1
Cyndie|Dituri|Cyndie.Dituri@yopmail.com|Pc_Z-#Le9D_Juv|2002-03-30|CyndieDituri1|1|1
Teddie|Chaing|Teddie.Chaing@yopmail.com|Pc_Z-#Le9D_Juv|1911-11-26|TeddieChaing1|1|1
Mary|Emerson|Mary.Emerson@yopmail.com|Pc_Z-#Le9D_Juv|1928-09-03|MaryEmerson1|1|1
Aurelie|Tryck|Aurelie.Tryck@yopmail.com|Pc_Z-#Le9D_Juv|1941-07-14|AurelieTryck1|1|1
Blondelle|McCutcheon|Blondelle.McCutcheon@yopmail.com|Pc_Z-#Le9D_Juv|1956-12-17|BlondelleMcCutcheon1|1|1
Gui|Darian|Gui.Darian@yopmail.com|Pc_Z-#Le9D_Juv|1929-11-28|GuiDarian1|1|1
Doralynne|Therine|Doralynne.Therine@yopmail.com|Pc_Z-#Le9D_Juv|1995-01-09|DoralynneTherine1|1|1
Cathyleen|Leifeste|Cathyleen.Leifeste@yopmail.com|Pc_Z-#Le9D_Juv|1934-11-04|CathyleenLeifeste1|1|1
Marsiella|Nisbet|Marsiella.Nisbet@yopmail.com|Pc_Z-#Le9D_Juv|1988-11-17|MarsiellaNisbet1|1|1
Karena|Amasa|Karena.Amasa@yopmail.com|Pc_Z-#Le9D_Juv|1975-05-30|KarenaAmasa1|1|1
Margette|Germann|Margette.Germann@yopmail.com|Pc_Z-#Le9D_Juv|1976-06-06|MargetteGermann1|1|1
Linzy|Sholley|Linzy.Sholley@yopmail.com|Pc_Z-#Le9D_Juv|1936-03-29|LinzySholley1|1|1
Nariko|Ephrem|Nariko.Ephrem@yopmail.com|Pc_Z-#Le9D_Juv|1963-11-23|NarikoEphrem1|1|1
Joeann|Tjon|Joeann.Tjon@yopmail.com|Pc_Z-#Le9D_Juv|1903-06-10|JoeannTjon1|1|1
Nariko|Kronfeld|Nariko.Kronfeld@yopmail.com|Pc_Z-#Le9D_Juv|1957-07-14|NarikoKronfeld1|1|1
Marinna|Bettine|Marinna.Bettine@yopmail.com|Pc_Z-#Le9D_Juv|1971-12-29|MarinnaBettine1|1|1
Alleen|Donoghue|Alleen.Donoghue@yopmail.com|Pc_Z-#Le9D_Juv|1999-09-15|AlleenDonoghue1|1|1
Karlee|Howlyn|Karlee.Howlyn@yopmail.com|Pc_Z-#Le9D_Juv|2011-06-05|KarleeHowlyn1|1|1
Rosabelle|Wilkinson|Rosabelle.Wilkinson@yopmail.com|Pc_Z-#Le9D_Juv|1949-04-30|RosabelleWilkinson1|1|1
Cassondra|Beebe|Cassondra.Beebe@yopmail.com|Pc_Z-#Le9D_Juv|1999-08-31|CassondraBeebe1|1|1
Talya|Desai|Talya.Desai@yopmail.com|Pc_Z-#Le9D_Juv|2012-09-17|TalyaDesai1|1|1
Mignon|Danby|Mignon.Danby@yopmail.com|Pc_Z-#Le9D_Juv|1997-10-30|MignonDanby1|1|1
Paule|Frodi|Paule.Frodi@yopmail.com|Pc_Z-#Le9D_Juv|1996-03-24|PauleFrodi1|1|1
Roxane|Ursulette|Roxane.Ursulette@yopmail.com|Pc_Z-#Le9D_Juv|1982-12-06|RoxaneUrsulette1|1|1
Ottilie|Cornelia|Ottilie.Cornelia@yopmail.com|Pc_Z-#Le9D_Juv|1980-06-25|OttilieCornelia1|1|1
Rivalee|Raul|Rivalee.Raul@yopmail.com|Pc_Z-#Le9D_Juv|1960-11-13|RivaleeRaul1|1|1
Ruthe|Alcott|Ruthe.Alcott@yopmail.com|Pc_Z-#Le9D_Juv|1924-01-01|RutheAlcott1|1|1
Bertine|Rad|Bertine.Rad@yopmail.com|Pc_Z-#Le9D_Juv|1924-06-07|BertineRad1|1|1
Dode|Gamaliel|Dode.Gamaliel@yopmail.com|Pc_Z-#Le9D_Juv|1986-10-15|DodeGamaliel1|1|1
Fanny|Truc|Fanny.Truc@yopmail.com|Pc_Z-#Le9D_Juv|1902-02-09|FannyTruc1|1|1
Cissiee|Margarete|Cissiee.Margarete@yopmail.com|Pc_Z-#Le9D_Juv|1973-02-18|CissieeMargarete1|1|1
Kirbee|Suanne|Kirbee.Suanne@yopmail.com|Pc_Z-#Le9D_Juv|1979-11-19|KirbeeSuanne1|1|1
Modestia|Allare|Modestia.Allare@yopmail.com|Pc_Z-#Le9D_Juv|1949-11-20|ModestiaAllare1|1|1
Sonni|Berne|Sonni.Berne@yopmail.com|Pc_Z-#Le9D_Juv|1907-05-25|SonniBerne1|1|1
Gwyneth|Richers|Gwyneth.Richers@yopmail.com|Pc_Z-#Le9D_Juv|1979-03-31|GwynethRichers1|1|1
Blinni|Amadas|Blinni.Amadas@yopmail.com|Pc_Z-#Le9D_Juv|1986-01-28|BlinniAmadas1|1|1
Vonny|Ferino|Vonny.Ferino@yopmail.com|Pc_Z-#Le9D_Juv|1925-05-25|VonnyFerino1|1|1
Misha|Medrek|Misha.Medrek@yopmail.com|Pc_Z-#Le9D_Juv|1930-05-22|MishaMedrek1|1|1
Sindee|Couture|Sindee.Couture@yopmail.com|Pc_Z-#Le9D_Juv|1972-05-19|SindeeCouture1|1|1
Emylee|Bonilla|Emylee.Bonilla@yopmail.com|Pc_Z-#Le9D_Juv|1915-06-12|EmyleeBonilla1|1|1
Chastity|Faust|Chastity.Faust@yopmail.com|Pc_Z-#Le9D_Juv|1900-01-15|ChastityFaust1|1|1
Queenie|Camden|Queenie.Camden@yopmail.com|Pc_Z-#Le9D_Juv|1926-08-04|QueenieCamden1|1|1
Ulrike|Gaspard|Ulrike.Gaspard@yopmail.com|Pc_Z-#Le9D_Juv|2015-11-17|UlrikeGaspard1|1|1
Lucy|Claudine|Lucy.Claudine@yopmail.com|Pc_Z-#Le9D_Juv|1937-08-20|LucyClaudine1|1|1
Chastity|Haerr|Chastity.Haerr@yopmail.com|Pc_Z-#Le9D_Juv|1941-04-17|ChastityHaerr1|1|1
Kylynn|Means|Kylynn.Means@yopmail.com|Pc_Z-#Le9D_Juv|1938-12-30|KylynnMeans1|1|1
Amara|Willie|Amara.Willie@yopmail.com|Pc_Z-#Le9D_Juv|1991-02-10|AmaraWillie1|1|1
Linet|Haymes|Linet.Haymes@yopmail.com|Pc_Z-#Le9D_Juv|1997-07-08|LinetHaymes1|1|1
Mureil|Hunfredo|Mureil.Hunfredo@yopmail.com|Pc_Z-#Le9D_Juv|1909-08-25|MureilHunfredo1|1|1
Wynne|Meli|Wynne.Meli@yopmail.com|Pc_Z-#Le9D_Juv|1996-09-19|WynneMeli1|1|1
Evaleen|Martguerita|Evaleen.Martguerita@yopmail.com|Pc_Z-#Le9D_Juv|1909-03-06|EvaleenMartguerita1|1|1
Ebonee|Wallis|Ebonee.Wallis@yopmail.com|Pc_Z-#Le9D_Juv|1923-12-28|EboneeWallis1|1|1
Jessy|Ledah|Jessy.Ledah@yopmail.com|Pc_Z-#Le9D_Juv|1944-01-06|JessyLedah1|1|1
Gianina|Swigart|Gianina.Swigart@yopmail.com|Pc_Z-#Le9D_Juv|1984-07-11|GianinaSwigart1|1|1
Lucille|Annabella|Lucille.Annabella@yopmail.com|Pc_Z-#Le9D_Juv|1951-09-12|LucilleAnnabella1|1|1
Nita|Katrine|Nita.Katrine@yopmail.com|Pc_Z-#Le9D_Juv|1953-07-13|NitaKatrine1|1|1
Babita|Oscar|Babita.Oscar@yopmail.com|Pc_Z-#Le9D_Juv|1989-11-15|BabitaOscar1|1|1
Roslyn|Dawkins|Roslyn.Dawkins@yopmail.com|Pc_Z-#Le9D_Juv|1951-02-25|RoslynDawkins1|1|1
Kore|Phyllis|Kore.Phyllis@yopmail.com|Pc_Z-#Le9D_Juv|1952-04-18|KorePhyllis1|1|1
Tiffie|Bonucci|Tiffie.Bonucci@yopmail.com|Pc_Z-#Le9D_Juv|1969-12-30|TiffieBonucci1|1|1
Dorothy|Truc|Dorothy.Truc@yopmail.com|Pc_Z-#Le9D_Juv|1997-10-06|DorothyTruc1|1|1
Olivette|Gower|Olivette.Gower@yopmail.com|Pc_Z-#Le9D_Juv|1956-06-02|OlivetteGower1|1|1
Celestyna|Read|Celestyna.Read@yopmail.com|Pc_Z-#Le9D_Juv|1972-07-08|CelestynaRead1|1|1
Rivalee|Zrike|Rivalee.Zrike@yopmail.com|Pc_Z-#Le9D_Juv|1930-12-22|RivaleeZrike1|1|1
Linet|Rodmann|Linet.Rodmann@yopmail.com|Pc_Z-#Le9D_Juv|1973-12-06|LinetRodmann1|1|1
Dale|Argus|Dale.Argus@yopmail.com|Pc_Z-#Le9D_Juv|1991-05-16|DaleArgus1|1|1
Corly|Kaja|Corly.Kaja@yopmail.com|Pc_Z-#Le9D_Juv|1934-11-08|CorlyKaja1|1|1
Harmonia|Billye|Harmonia.Billye@yopmail.com|Pc_Z-#Le9D_Juv|1965-06-23|HarmoniaBillye1|1|1
Alex|Georas|Alex.Georas@yopmail.com|Pc_Z-#Le9D_Juv|1917-07-07|AlexGeoras1|1|1
Alisha|Joeann|Alisha.Joeann@yopmail.com|Pc_Z-#Le9D_Juv|2011-03-01|AlishaJoeann1|1|1
Jasmina|Regan|Jasmina.Regan@yopmail.com|Pc_Z-#Le9D_Juv|2016-11-30|JasminaRegan1|1|1
Vita|Capello|Vita.Capello@yopmail.com|Pc_Z-#Le9D_Juv|1938-08-03|VitaCapello1|1|1
Chere|Ammann|Chere.Ammann@yopmail.com|Pc_Z-#Le9D_Juv|1992-10-30|ChereAmmann1|1|1
Etta|Jalbert|Etta.Jalbert@yopmail.com|Pc_Z-#Le9D_Juv|2009-10-30|EttaJalbert1|1|1
Misha|Korey|Misha.Korey@yopmail.com|Pc_Z-#Le9D_Juv|1910-07-08|MishaKorey1|1|1
Jenilee|Niccolo|Jenilee.Niccolo@yopmail.com|Pc_Z-#Le9D_Juv|2008-01-25|JenileeNiccolo1|1|1
Cristine|Darian|Cristine.Darian@yopmail.com|Pc_Z-#Le9D_Juv|1929-04-06|CristineDarian1|1|1
Valli|Jess|Valli.Jess@yopmail.com|Pc_Z-#Le9D_Juv|1985-05-15|ValliJess1|1|1
Bill|Brady|Bill.Brady@yopmail.com|Pc_Z-#Le9D_Juv|1967-01-25|BillBrady1|1|1
Jsandye|Curren|Jsandye.Curren@yopmail.com|Pc_Z-#Le9D_Juv|2004-07-13|JsandyeCurren1|1|1
Allis|Loleta|Allis.Loleta@yopmail.com|Pc_Z-#Le9D_Juv|1913-07-13|AllisLoleta1|1|1
Winny|Bethany|Winny.Bethany@yopmail.com|Pc_Z-#Le9D_Juv|1988-12-01|WinnyBethany1|1|1
Modestia|Cressida|Modestia.Cressida@yopmail.com|Pc_Z-#Le9D_Juv|1938-12-01|ModestiaCressida1|1|1
Kimmy|Wilkinson|Kimmy.Wilkinson@yopmail.com|Pc_Z-#Le9D_Juv|1982-05-30|KimmyWilkinson1|1|1
Viviene|Mathilde|Viviene.Mathilde@yopmail.com|Pc_Z-#Le9D_Juv|1969-04-08|VivieneMathilde1|1|1
Donnie|Sidonius|Donnie.Sidonius@yopmail.com|Pc_Z-#Le9D_Juv|2002-10-06|DonnieSidonius1|1|1
Marsiella|Vanni|Marsiella.Vanni@yopmail.com|Pc_Z-#Le9D_Juv|1907-04-13|MarsiellaVanni1|1|1
Fayre|Braun|Fayre.Braun@yopmail.com|Pc_Z-#Le9D_Juv|1995-11-24|FayreBraun1|1|1
Glynnis|Cleavland|Glynnis.Cleavland@yopmail.com|Pc_Z-#Le9D_Juv|2014-08-22|GlynnisCleavland1|1|1
Phedra|Clie|Phedra.Clie@yopmail.com|Pc_Z-#Le9D_Juv|2008-04-17|PhedraClie1|1|1
Angelique|Astra|Angelique.Astra@yopmail.com|Pc_Z-#Le9D_Juv|1915-10-22|AngeliqueAstra1|1|1
Rebeca|Truc|Rebeca.Truc@yopmail.com|Pc_Z-#Le9D_Juv|1908-08-06|RebecaTruc1|1|1
Genovera|Eldrid|Genovera.Eldrid@yopmail.com|Pc_Z-#Le9D_Juv|1981-11-04|GenoveraEldrid1|1|1
Carmencita|Harl|Carmencita.Harl@yopmail.com|Pc_Z-#Le9D_Juv|2012-02-20|CarmencitaHarl1|1|1
Cassondra|Dannye|Cassondra.Dannye@yopmail.com|Pc_Z-#Le9D_Juv|1956-08-02|CassondraDannye1|1|1
Tierney|Waite|Tierney.Waite@yopmail.com|Pc_Z-#Le9D_Juv|1927-07-19|TierneyWaite1|1|1
Leontine|Ingra|Leontine.Ingra@yopmail.com|Pc_Z-#Le9D_Juv|1991-08-01|LeontineIngra1|1|1
Queenie|Liebermann|Queenie.Liebermann@yopmail.com|Pc_Z-#Le9D_Juv|1938-03-16|QueenieLiebermann1|1|1
Correy|Newell|Correy.Newell@yopmail.com|Pc_Z-#Le9D_Juv|1959-07-15|CorreyNewell1|1|1
Candi|Loleta|Candi.Loleta@yopmail.com|Pc_Z-#Le9D_Juv|1919-01-07|CandiLoleta1|1|1
Blake|Zamora|Blake.Zamora@yopmail.com|Pc_Z-#Le9D_Juv|1954-12-17|BlakeZamora1|1|1
Dominga|Yam|Dominga.Yam@yopmail.com|Pc_Z-#Le9D_Juv|1920-10-15|DomingaYam1|1|1
Cathie|Ledah|Cathie.Ledah@yopmail.com|Pc_Z-#Le9D_Juv|1912-09-17|CathieLedah1|1|1
Tera|Susannah|Tera.Susannah@yopmail.com|Pc_Z-#Le9D_Juv|1983-09-20|TeraSusannah1|1|1
Nollie|Etom|Nollie.Etom@yopmail.com|Pc_Z-#Le9D_Juv|2002-05-23|NollieEtom1|1|1
Dyann|Thar|Dyann.Thar@yopmail.com|Pc_Z-#Le9D_Juv|1915-11-30|DyannThar1|1|1