firstname|lastname|email|pw|d|disp|status|role
Jasmina|Lenny|Jasmina.Lenny@gmail.com|ASDghi5671@cvnM|1979-10-26|Jasmina.LennyDispName|1|2
Pamella|Francene|Pamella.Francene@gmail.com|ASDghi5671@cvnM|1909-10-05|Pamella.FranceneDispName|1|1
Briney|Zamora|Briney.Zamora@gmail.com|ASDghi5671@cvnM|2013-05-04|Briney.ZamoraDispName|1|2
Elfreda|Westphal|Elfreda.Westphal@gmail.com|ASDghi5671@cvnM|1929-03-07|Elfreda.WestphalDispName|1|1
Myrtice|Bivins|Myrtice.Bivins@gmail.com|ASDghi5671@cvnM|1991-05-15|Myrtice.BivinsDispName|1|1
Layla|Zetta|Layla.Zetta@gmail.com|ASDghi5671@cvnM|1986-06-08|Layla.ZettaDispName|1|2
Carmela|Shields|Carmela.Shields@gmail.com|ASDghi5671@cvnM|1976-02-20|Carmela.ShieldsDispName|1|2
Keelia|Raffo|Keelia.Raffo@gmail.com|ASDghi5671@cvnM|1939-11-18|Keelia.RaffoDispName|1|2
Merci|Kauppi|Merci.Kauppi@gmail.com|ASDghi5671@cvnM|2002-10-22|Merci.KauppiDispName|1|2
Livvyy|Noam|Livvyy.Noam@gmail.com|ASDghi5671@cvnM|2005-03-10|Livvyy.NoamDispName|1|1
Lacie|Llovera|Lacie.Llovera@gmail.com|ASDghi5671@cvnM|1904-02-01|Lacie.LloveraDispName|1|1
Catharine|Millda|Catharine.Millda@gmail.com|ASDghi5671@cvnM|1943-04-13|Catharine.MilldaDispName|1|2
Nickie|Ambrosia|Nickie.Ambrosia@gmail.com|ASDghi5671@cvnM|1949-11-01|Nickie.AmbrosiaDispName|1|2
Ernesta|Poll|Ernesta.Poll@gmail.com|ASDghi5671@cvnM|1918-10-31|Ernesta.PollDispName|1|2
Janenna|Edison|Janenna.Edison@gmail.com|ASDghi5671@cvnM|1986-12-20|Janenna.EdisonDispName|1|1
Tatiania|Stephie|Tatiania.Stephie@gmail.com|ASDghi5671@cvnM|1967-01-03|Tatiania.StephieDispName|1|1
Dorthy|Halla|Dorthy.Halla@gmail.com|ASDghi5671@cvnM|2001-02-07|Dorthy.HallaDispName|1|2
Brietta|Radu|Brietta.Radu@gmail.com|ASDghi5671@cvnM|1929-10-30|Brietta.RaduDispName|1|1
Roxane|Dermott|Roxane.Dermott@gmail.com|ASDghi5671@cvnM|1966-10-26|Roxane.DermottDispName|1|2
Leia|Zitvaa|Leia.Zitvaa@gmail.com|ASDghi5671@cvnM|1965-02-20|Leia.ZitvaaDispName|1|1
Teddie|Candy|Teddie.Candy@gmail.com|ASDghi5671@cvnM|1928-02-09|Teddie.CandyDispName|1|2
Melanie|Desai|Melanie.Desai@gmail.com|ASDghi5671@cvnM|1984-07-07|Melanie.DesaiDispName|1|1
Brynna|Reidar|Brynna.Reidar@gmail.com|ASDghi5671@cvnM|1903-07-01|Brynna.ReidarDispName|1|1
Ericka|Gualtiero|Ericka.Gualtiero@gmail.com|ASDghi5671@cvnM|1955-11-16|Ericka.GualtieroDispName|1|2
Zondra|Alisia|Zondra.Alisia@gmail.com|ASDghi5671@cvnM|1999-04-11|Zondra.AlisiaDispName|1|1
Ivett|Morrill|Ivett.Morrill@gmail.com|ASDghi5671@cvnM|2016-04-19|Ivett.MorrillDispName|1|2
Ayn|Maryanne|Ayn.Maryanne@gmail.com|ASDghi5671@cvnM|1977-05-06|Ayn.MaryanneDispName|1|1
Sissy|Gilmour|Sissy.Gilmour@gmail.com|ASDghi5671@cvnM|1941-03-13|Sissy.GilmourDispName|1|1
Brooks|Henrie|Brooks.Henrie@gmail.com|ASDghi5671@cvnM|1951-10-09|Brooks.HenrieDispName|1|2
Larine|Obed|Larine.Obed@gmail.com|ASDghi5671@cvnM|1932-10-28|Larine.ObedDispName|1|1
Konstance|Jena|Konstance.Jena@gmail.com|ASDghi5671@cvnM|1935-07-15|Konstance.JenaDispName|1|1
Brooks|Damarra|Brooks.Damarra@gmail.com|ASDghi5671@cvnM|1970-06-03|Brooks.DamarraDispName|1|2
Max|Ophelia|Max.Ophelia@gmail.com|ASDghi5671@cvnM|1939-11-07|Max.OpheliaDispName|1|2
Dorthy|Schlosser|Dorthy.Schlosser@gmail.com|ASDghi5671@cvnM|1972-12-22|Dorthy.SchlosserDispName|1|1
Shauna|Jacqui|Shauna.Jacqui@gmail.com|ASDghi5671@cvnM|1979-03-10|Shauna.JacquiDispName|1|2
Mady|Shelba|Mady.Shelba@gmail.com|ASDghi5671@cvnM|1994-07-24|Mady.ShelbaDispName|1|2
Tybie|Jobi|Tybie.Jobi@gmail.com|ASDghi5671@cvnM|2015-07-24|Tybie.JobiDispName|1|2
Edyth|Othilia|Edyth.Othilia@gmail.com|ASDghi5671@cvnM|1971-09-24|Edyth.OthiliaDispName|1|2
Moyna|Haldas|Moyna.Haldas@gmail.com|ASDghi5671@cvnM|1973-07-11|Moyna.HaldasDispName|1|2
Wilma|Poppy|Wilma.Poppy@gmail.com|ASDghi5671@cvnM|1944-12-18|Wilma.PoppyDispName|1|2
Gerrie|Sidonius|Gerrie.Sidonius@gmail.com|ASDghi5671@cvnM|2010-03-20|Gerrie.SidoniusDispName|1|2
Gisela|Regan|Gisela.Regan@gmail.com|ASDghi5671@cvnM|2002-11-11|Gisela.ReganDispName|1|1
Karlee|Fax|Karlee.Fax@gmail.com|ASDghi5671@cvnM|1939-06-11|Karlee.FaxDispName|1|2
Hayley|Wadell|Hayley.Wadell@gmail.com|ASDghi5671@cvnM|1955-12-31|Hayley.WadellDispName|1|1
Cathie|Candy|Cathie.Candy@gmail.com|ASDghi5671@cvnM|1945-03-28|Cathie.CandyDispName|1|1
Agnese|Amasa|Agnese.Amasa@gmail.com|ASDghi5671@cvnM|1954-02-12|Agnese.AmasaDispName|1|2
Joleen|Cookie|Joleen.Cookie@gmail.com|ASDghi5671@cvnM|2008-07-16|Joleen.CookieDispName|1|1
Gavrielle|Azeria|Gavrielle.Azeria@gmail.com|ASDghi5671@cvnM|1994-12-12|Gavrielle.AzeriaDispName|1|1
Donnie|Tomasina|Donnie.Tomasina@gmail.com|ASDghi5671@cvnM|1955-06-17|Donnie.TomasinaDispName|1|2
Cindelyn|Garrison|Cindelyn.Garrison@gmail.com|ASDghi5671@cvnM|1900-02-28|Cindelyn.GarrisonDispName|1|1
Renae|Eldrid|Renae.Eldrid@gmail.com|ASDghi5671@cvnM|1970-08-30|Renae.EldridDispName|1|1
Dione|Ailyn|Dione.Ailyn@gmail.com|ASDghi5671@cvnM|1946-05-24|Dione.AilynDispName|1|2
Sharlene|Ummersen|Sharlene.Ummersen@gmail.com|ASDghi5671@cvnM|1994-07-30|Sharlene.UmmersenDispName|1|2
Norine|Saunderson|Norine.Saunderson@gmail.com|ASDghi5671@cvnM|2016-12-08|Norine.SaundersonDispName|1|1
Rebeca|Jalbert|Rebeca.Jalbert@gmail.com|ASDghi5671@cvnM|1978-12-16|Rebeca.JalbertDispName|1|1
Edyth|Mata|Edyth.Mata@gmail.com|ASDghi5671@cvnM|1937-07-10|Edyth.MataDispName|1|1
Madelle|Sundin|Madelle.Sundin@gmail.com|ASDghi5671@cvnM|1946-06-27|Madelle.SundinDispName|1|2
Imojean|Francene|Imojean.Francene@gmail.com|ASDghi5671@cvnM|1993-04-11|Imojean.FranceneDispName|1|1
Sashenka|Syd|Sashenka.Syd@gmail.com|ASDghi5671@cvnM|1986-06-15|Sashenka.SydDispName|1|2
Paule|Ovid|Paule.Ovid@gmail.com|ASDghi5671@cvnM|1987-03-21|Paule.OvidDispName|1|2
Minda|Rudolph|Minda.Rudolph@gmail.com|ASDghi5671@cvnM|1939-09-11|Minda.RudolphDispName|1|1
Amara|Cleavland|Amara.Cleavland@gmail.com|ASDghi5671@cvnM|1950-09-10|Amara.CleavlandDispName|1|2
Lilith|Dorcy|Lilith.Dorcy@gmail.com|ASDghi5671@cvnM|1927-03-27|Lilith.DorcyDispName|1|2
Ninnetta|Sherrie|Ninnetta.Sherrie@gmail.com|ASDghi5671@cvnM|1993-12-06|Ninnetta.SherrieDispName|1|1
Letizia|Silvan|Letizia.Silvan@gmail.com|ASDghi5671@cvnM|1997-05-21|Letizia.SilvanDispName|1|2
Lulita|Lynn|Lulita.Lynn@gmail.com|ASDghi5671@cvnM|1928-09-27|Lulita.LynnDispName|1|2
Susette|Publia|Susette.Publia@gmail.com|ASDghi5671@cvnM|1924-02-04|Susette.PubliaDispName|1|1
Sadie|Dudley|Sadie.Dudley@gmail.com|ASDghi5671@cvnM|1998-06-28|Sadie.DudleyDispName|1|1
Krystle|Rurik|Krystle.Rurik@gmail.com|ASDghi5671@cvnM|2005-05-06|Krystle.RurikDispName|1|1
Kerrin|Rogerio|Kerrin.Rogerio@gmail.com|ASDghi5671@cvnM|1933-12-28|Kerrin.RogerioDispName|1|2
Rani|Cohdwell|Rani.Cohdwell@gmail.com|ASDghi5671@cvnM|1942-11-11|Rani.CohdwellDispName|1|1
Ariela|Anton|Ariela.Anton@gmail.com|ASDghi5671@cvnM|2017-05-30|Ariela.AntonDispName|1|2
Misha|Heisel|Misha.Heisel@gmail.com|ASDghi5671@cvnM|2010-09-13|Misha.HeiselDispName|1|2
Ericka|Erich|Ericka.Erich@gmail.com|ASDghi5671@cvnM|1911-07-20|Ericka.ErichDispName|1|2
Alia|Hanshaw|Alia.Hanshaw@gmail.com|ASDghi5671@cvnM|1976-07-27|Alia.HanshawDispName|1|2
Berta|Ader|Berta.Ader@gmail.com|ASDghi5671@cvnM|2001-03-03|Berta.AderDispName|1|1
Laurene|Croix|Laurene.Croix@gmail.com|ASDghi5671@cvnM|1957-11-25|Laurene.CroixDispName|1|2
Aimil|Bonucci|Aimil.Bonucci@gmail.com|ASDghi5671@cvnM|2012-09-22|Aimil.BonucciDispName|1|1
Rosaline|Erlandson|Rosaline.Erlandson@gmail.com|ASDghi5671@cvnM|1991-05-02|Rosaline.ErlandsonDispName|1|2
Fred|Margret|Fred.Margret@gmail.com|ASDghi5671@cvnM|1982-11-27|Fred.MargretDispName|1|2
Adelle|Bettine|Adelle.Bettine@gmail.com|ASDghi5671@cvnM|2014-10-19|Adelle.BettineDispName|1|2
Ethel|Rhu|Ethel.Rhu@gmail.com|ASDghi5671@cvnM|1952-02-16|Ethel.RhuDispName|1|1
Taffy|Niles|Taffy.Niles@gmail.com|ASDghi5671@cvnM|1969-01-01|Taffy.NilesDispName|1|1
Suzette|Dash|Suzette.Dash@gmail.com|ASDghi5671@cvnM|1968-01-13|Suzette.DashDispName|1|2
Mireielle|Ruvolo|Mireielle.Ruvolo@gmail.com|ASDghi5671@cvnM|1942-03-29|Mireielle.RuvoloDispName|1|1
Kayla|Bryna|Kayla.Bryna@gmail.com|ASDghi5671@cvnM|1934-08-29|Kayla.BrynaDispName|1|2
Isa|Vins|Isa.Vins@gmail.com|ASDghi5671@cvnM|2015-07-09|Isa.VinsDispName|1|1
Concettina|Mayeda|Concettina.Mayeda@gmail.com|ASDghi5671@cvnM|1940-06-06|Concettina.MayedaDispName|1|1
Lanae|Reinke|Lanae.Reinke@gmail.com|ASDghi5671@cvnM|1979-04-15|Lanae.ReinkeDispName|1|1
Netty|Nisbet|Netty.Nisbet@gmail.com|ASDghi5671@cvnM|1907-02-18|Netty.NisbetDispName|1|2
Zia|Syd|Zia.Syd@gmail.com|ASDghi5671@cvnM|1958-02-19|Zia.SydDispName|1|2
Sharai|Fontana|Sharai.Fontana@gmail.com|ASDghi5671@cvnM|1938-03-27|Sharai.FontanaDispName|1|1
Shannah|Grobe|Shannah.Grobe@gmail.com|ASDghi5671@cvnM|1946-01-22|Shannah.GrobeDispName|1|2
Wendi|Mayeda|Wendi.Mayeda@gmail.com|ASDghi5671@cvnM|1910-12-27|Wendi.MayedaDispName|1|2
Pierette|Malvino|Pierette.Malvino@gmail.com|ASDghi5671@cvnM|2010-11-13|Pierette.MalvinoDispName|1|2
Ruthe|Middleton|Ruthe.Middleton@gmail.com|ASDghi5671@cvnM|1937-01-20|Ruthe.MiddletonDispName|1|1
Kristina|Tound|Kristina.Tound@gmail.com|ASDghi5671@cvnM|1951-09-13|Kristina.ToundDispName|1|2
Gaylene|Plato|Gaylene.Plato@gmail.com|ASDghi5671@cvnM|1962-12-23|Gaylene.PlatoDispName|1|1
Mallory|Francene|Mallory.Francene@gmail.com|ASDghi5671@cvnM|1991-12-16|Mallory.FranceneDispName|1|1
Annice|Gaynor|Annice.Gaynor@gmail.com|ASDghi5671@cvnM|2005-05-09|Annice.GaynorDispName|1|2
Arlina|Crudden|Arlina.Crudden@gmail.com|ASDghi5671@cvnM|1947-11-04|Arlina.CruddenDispName|1|2
Heddie|Ailyn|Heddie.Ailyn@gmail.com|ASDghi5671@cvnM|2016-01-25|Heddie.AilynDispName|1|2
Latisha|Callista|Latisha.Callista@gmail.com|ASDghi5671@cvnM|1974-08-30|Latisha.CallistaDispName|1|1
Lynde|Felecia|Lynde.Felecia@gmail.com|ASDghi5671@cvnM|1946-12-25|Lynde.FeleciaDispName|1|1
Sam|Heisel|Sam.Heisel@gmail.com|ASDghi5671@cvnM|1978-05-03|Sam.HeiselDispName|1|1
Kristina|Shuler|Kristina.Shuler@gmail.com|ASDghi5671@cvnM|2017-11-06|Kristina.ShulerDispName|1|1
Ekaterina|Felecia|Ekaterina.Felecia@gmail.com|ASDghi5671@cvnM|1981-01-05|Ekaterina.FeleciaDispName|1|1
Coral|Sophronia|Coral.Sophronia@gmail.com|ASDghi5671@cvnM|2016-10-18|Coral.SophroniaDispName|1|2
Rochette|Clara|Rochette.Clara@gmail.com|ASDghi5671@cvnM|1933-01-01|Rochette.ClaraDispName|1|2
Stephanie|Joachim|Stephanie.Joachim@gmail.com|ASDghi5671@cvnM|1921-12-31|Stephanie.JoachimDispName|1|1
Steffane|Merriott|Steffane.Merriott@gmail.com|ASDghi5671@cvnM|1970-08-09|Steffane.MerriottDispName|1|1
Madeleine|Connelly|Madeleine.Connelly@gmail.com|ASDghi5671@cvnM|2007-02-02|Madeleine.ConnellyDispName|1|1
Susette|Eno|Susette.Eno@gmail.com|ASDghi5671@cvnM|2019-06-05|Susette.EnoDispName|1|1
Emma|Carri|Emma.Carri@gmail.com|ASDghi5671@cvnM|2003-02-05|Emma.CarriDispName|1|1
Lily|Chick|Lily.Chick@gmail.com|ASDghi5671@cvnM|1958-04-18|Lily.ChickDispName|1|2
Mallory|Junie|Mallory.Junie@gmail.com|ASDghi5671@cvnM|1935-10-18|Mallory.JunieDispName|1|1
Asia|Nea|Asia.Nea@gmail.com|ASDghi5671@cvnM|1939-10-11|Asia.NeaDispName|1|1
Courtnay|Stover|Courtnay.Stover@gmail.com|ASDghi5671@cvnM|1989-12-30|Courtnay.StoverDispName|1|1
Willetta|Leonard|Willetta.Leonard@gmail.com|ASDghi5671@cvnM|2016-03-22|Willetta.LeonardDispName|1|2
Rochette|Cimbura|Rochette.Cimbura@gmail.com|ASDghi5671@cvnM|1955-02-08|Rochette.CimburaDispName|1|2
Briney|Bouchard|Briney.Bouchard@gmail.com|ASDghi5671@cvnM|1945-03-02|Briney.BouchardDispName|1|1
Annecorinne|Abbot|Annecorinne.Abbot@gmail.com|ASDghi5671@cvnM|1911-01-23|Annecorinne.AbbotDispName|1|2
Ruthe|Zrike|Ruthe.Zrike@gmail.com|ASDghi5671@cvnM|1925-02-09|Ruthe.ZrikeDispName|1|2
Tani|Ophelia|Tani.Ophelia@gmail.com|ASDghi5671@cvnM|1902-06-12|Tani.OpheliaDispName|1|1
Meg|Tengdin|Meg.Tengdin@gmail.com|ASDghi5671@cvnM|1967-12-05|Meg.TengdinDispName|1|1
Larine|Clie|Larine.Clie@gmail.com|ASDghi5671@cvnM|1965-12-09|Larine.ClieDispName|1|2
Gwyneth|Ilka|Gwyneth.Ilka@gmail.com|ASDghi5671@cvnM|1939-07-22|Gwyneth.IlkaDispName|1|1
Jessy|Hilbert|Jessy.Hilbert@gmail.com|ASDghi5671@cvnM|2016-04-01|Jessy.HilbertDispName|1|1
Lesly|Croix|Lesly.Croix@gmail.com|ASDghi5671@cvnM|1904-01-11|Lesly.CroixDispName|1|2
Ann-Marie|Leopold|Ann-Marie.Leopold@gmail.com|ASDghi5671@cvnM|1953-08-13|Ann-Marie.LeopoldDispName|1|1
Elvira|Stelle|Elvira.Stelle@gmail.com|ASDghi5671@cvnM|1928-02-26|Elvira.StelleDispName|1|2
Marguerite|Alcott|Marguerite.Alcott@gmail.com|ASDghi5671@cvnM|1906-01-03|Marguerite.AlcottDispName|1|1
Jacquetta|Eachern|Jacquetta.Eachern@gmail.com|ASDghi5671@cvnM|1909-04-13|Jacquetta.EachernDispName|1|2
Wilma|Brandice|Wilma.Brandice@gmail.com|ASDghi5671@cvnM|1961-05-25|Wilma.BrandiceDispName|1|2
Glynnis|Sikorski|Glynnis.Sikorski@gmail.com|ASDghi5671@cvnM|1926-09-23|Glynnis.SikorskiDispName|1|1
Vinita|Friede|Vinita.Friede@gmail.com|ASDghi5671@cvnM|1902-05-20|Vinita.FriedeDispName|1|2
Betta|Durware|Betta.Durware@gmail.com|ASDghi5671@cvnM|1960-01-16|Betta.DurwareDispName|1|2
Damaris|Timon|Damaris.Timon@gmail.com|ASDghi5671@cvnM|1911-12-18|Damaris.TimonDispName|1|2
Ronna|Gaal|Ronna.Gaal@gmail.com|ASDghi5671@cvnM|1994-01-17|Ronna.GaalDispName|1|2
Lonnie|Lesley|Lonnie.Lesley@gmail.com|ASDghi5671@cvnM|1920-04-12|Lonnie.LesleyDispName|1|1
Ida|Karl|Ida.Karl@gmail.com|ASDghi5671@cvnM|1971-06-11|Ida.KarlDispName|1|2
Babita|Carmena|Babita.Carmena@gmail.com|ASDghi5671@cvnM|1974-11-08|Babita.CarmenaDispName|1|2
Rhea|Liva|Rhea.Liva@gmail.com|ASDghi5671@cvnM|1947-12-06|Rhea.LivaDispName|1|2
Almeta|Sibyls|Almeta.Sibyls@gmail.com|ASDghi5671@cvnM|1976-01-27|Almeta.SibylsDispName|1|2
Zondra|Jess|Zondra.Jess@gmail.com|ASDghi5671@cvnM|1977-11-03|Zondra.JessDispName|1|1
Jessamyn|Terrence|Jessamyn.Terrence@gmail.com|ASDghi5671@cvnM|1991-12-01|Jessamyn.TerrenceDispName|1|2
Nataline|Lubin|Nataline.Lubin@gmail.com|ASDghi5671@cvnM|1981-05-03|Nataline.LubinDispName|1|2
Louella|Gombach|Louella.Gombach@gmail.com|ASDghi5671@cvnM|1948-04-22|Louella.GombachDispName|1|2
Phedra|Etom|Phedra.Etom@gmail.com|ASDghi5671@cvnM|1918-03-08|Phedra.EtomDispName|1|1
Pollyanna|Egbert|Pollyanna.Egbert@gmail.com|ASDghi5671@cvnM|1986-09-25|Pollyanna.EgbertDispName|1|2
Ketti|Millda|Ketti.Millda@gmail.com|ASDghi5671@cvnM|2002-05-07|Ketti.MilldaDispName|1|2
Marcy|Emerson|Marcy.Emerson@gmail.com|ASDghi5671@cvnM|1951-11-16|Marcy.EmersonDispName|1|2
Viki|Waite|Viki.Waite@gmail.com|ASDghi5671@cvnM|1981-03-07|Viki.WaiteDispName|1|2
Jere|Lorenz|Jere.Lorenz@gmail.com|ASDghi5671@cvnM|1998-05-03|Jere.LorenzDispName|1|1
Sophia|Buffum|Sophia.Buffum@gmail.com|ASDghi5671@cvnM|1986-12-09|Sophia.BuffumDispName|1|2
Tersina|Neils|Tersina.Neils@gmail.com|ASDghi5671@cvnM|1911-01-12|Tersina.NeilsDispName|1|2
Joceline|Nester|Joceline.Nester@gmail.com|ASDghi5671@cvnM|2010-12-13|Joceline.NesterDispName|1|1
Tobe|Cohdwell|Tobe.Cohdwell@gmail.com|ASDghi5671@cvnM|1948-07-23|Tobe.CohdwellDispName|1|1
Gusella|Billye|Gusella.Billye@gmail.com|ASDghi5671@cvnM|1973-12-07|Gusella.BillyeDispName|1|1
Beatriz|Stover|Beatriz.Stover@gmail.com|ASDghi5671@cvnM|1962-05-22|Beatriz.StoverDispName|1|2
Gaylene|Colp|Gaylene.Colp@gmail.com|ASDghi5671@cvnM|2013-10-10|Gaylene.ColpDispName|1|1
Audrie|Lipson|Audrie.Lipson@gmail.com|ASDghi5671@cvnM|1967-08-06|Audrie.LipsonDispName|1|1
Aurore|Aurelio|Aurore.Aurelio@gmail.com|ASDghi5671@cvnM|1943-10-02|Aurore.AurelioDispName|1|2
Tatiania|Kendrick|Tatiania.Kendrick@gmail.com|ASDghi5671@cvnM|2000-04-07|Tatiania.KendrickDispName|1|2
Kaja|Behre|Kaja.Behre@gmail.com|ASDghi5671@cvnM|2000-11-08|Kaja.BehreDispName|1|2
Susan|Myrilla|Susan.Myrilla@gmail.com|ASDghi5671@cvnM|1922-03-09|Susan.MyrillaDispName|1|1
Cassandra|Elsinore|Cassandra.Elsinore@gmail.com|ASDghi5671@cvnM|1952-05-01|Cassandra.ElsinoreDispName|1|1
Kara-Lynn|Georas|Kara-Lynn.Georas@gmail.com|ASDghi5671@cvnM|1981-09-25|Kara-Lynn.GeorasDispName|1|2
Lindie|Mathilde|Lindie.Mathilde@gmail.com|ASDghi5671@cvnM|1934-09-15|Lindie.MathildeDispName|1|2
Priscilla|Milde|Priscilla.Milde@gmail.com|ASDghi5671@cvnM|1935-03-20|Priscilla.MildeDispName|1|2
Lenna|Myrilla|Lenna.Myrilla@gmail.com|ASDghi5671@cvnM|2015-07-28|Lenna.MyrillaDispName|1|1
Jsandye|Leffen|Jsandye.Leffen@gmail.com|ASDghi5671@cvnM|1924-09-05|Jsandye.LeffenDispName|1|2
Blake|Zrike|Blake.Zrike@gmail.com|ASDghi5671@cvnM|2011-11-12|Blake.ZrikeDispName|1|2
Nessie|Rustice|Nessie.Rustice@gmail.com|ASDghi5671@cvnM|2004-10-10|Nessie.RusticeDispName|1|2
Yetty|Tice|Yetty.Tice@gmail.com|ASDghi5671@cvnM|1964-04-20|Yetty.TiceDispName|1|1
Taffy|Jarib|Taffy.Jarib@gmail.com|ASDghi5671@cvnM|1908-08-31|Taffy.JaribDispName|1|1
Fernande|Shaddock|Fernande.Shaddock@gmail.com|ASDghi5671@cvnM|1918-03-31|Fernande.ShaddockDispName|1|1
Lusa|Jagir|Lusa.Jagir@gmail.com|ASDghi5671@cvnM|1982-01-19|Lusa.JagirDispName|1|1
Jorry|Karylin|Jorry.Karylin@gmail.com|ASDghi5671@cvnM|1947-11-08|Jorry.KarylinDispName|1|2
Tabbatha|Kannry|Tabbatha.Kannry@gmail.com|ASDghi5671@cvnM|1955-06-30|Tabbatha.KannryDispName|1|1
Berta|Edvard|Berta.Edvard@gmail.com|ASDghi5671@cvnM|1914-07-14|Berta.EdvardDispName|1|1
Fawne|Margret|Fawne.Margret@gmail.com|ASDghi5671@cvnM|1901-09-08|Fawne.MargretDispName|1|1
Stevana|McAdams|Stevana.McAdams@gmail.com|ASDghi5671@cvnM|1995-01-19|Stevana.McAdamsDispName|1|1
Meg|Bohlin|Meg.Bohlin@gmail.com|ASDghi5671@cvnM|1928-01-22|Meg.BohlinDispName|1|2
Aurelie|Moseley|Aurelie.Moseley@gmail.com|ASDghi5671@cvnM|1913-12-25|Aurelie.MoseleyDispName|1|2
Katharina|Mendez|Katharina.Mendez@gmail.com|ASDghi5671@cvnM|1961-12-03|Katharina.MendezDispName|1|1
Tersina|Elisha|Tersina.Elisha@gmail.com|ASDghi5671@cvnM|1991-05-09|Tersina.ElishaDispName|1|2
Misha|Regan|Misha.Regan@gmail.com|ASDghi5671@cvnM|1949-05-23|Misha.ReganDispName|1|2
Lisette|Ledah|Lisette.Ledah@gmail.com|ASDghi5671@cvnM|1985-11-30|Lisette.LedahDispName|1|2
Grier|Dannye|Grier.Dannye@gmail.com|ASDghi5671@cvnM|1977-11-16|Grier.DannyeDispName|1|2
Almeta|Silvan|Almeta.Silvan@gmail.com|ASDghi5671@cvnM|1944-10-31|Almeta.SilvanDispName|1|2
Lita|Frendel|Lita.Frendel@gmail.com|ASDghi5671@cvnM|1953-10-14|Lita.FrendelDispName|1|1
Ardys|Minetta|Ardys.Minetta@gmail.com|ASDghi5671@cvnM|2011-06-13|Ardys.MinettaDispName|1|1
Genevra|Marisa|Genevra.Marisa@gmail.com|ASDghi5671@cvnM|2008-06-01|Genevra.MarisaDispName|1|2
Wynne|Marcellus|Wynne.Marcellus@gmail.com|ASDghi5671@cvnM|1933-01-23|Wynne.MarcellusDispName|1|1
Rosene|Hebner|Rosene.Hebner@gmail.com|ASDghi5671@cvnM|1971-10-26|Rosene.HebnerDispName|1|1
Max|Eckblad|Max.Eckblad@gmail.com|ASDghi5671@cvnM|2005-07-08|Max.EckbladDispName|1|2
Jacquetta|Linehan|Jacquetta.Linehan@gmail.com|ASDghi5671@cvnM|1989-01-30|Jacquetta.LinehanDispName|1|2
Marcelline|Diann|Marcelline.Diann@gmail.com|ASDghi5671@cvnM|1923-01-14|Marcelline.DiannDispName|1|1
Reeba|Read|Reeba.Read@gmail.com|ASDghi5671@cvnM|1962-10-17|Reeba.ReadDispName|1|1
Kayla|Bendick|Kayla.Bendick@gmail.com|ASDghi5671@cvnM|1914-02-08|Kayla.BendickDispName|1|1
Nadine|Mott|Nadine.Mott@gmail.com|ASDghi5671@cvnM|1970-04-28|Nadine.MottDispName|1|1
Corly|Hunfredo|Corly.Hunfredo@gmail.com|ASDghi5671@cvnM|2019-03-31|Corly.HunfredoDispName|1|1
Layla|Damarra|Layla.Damarra@gmail.com|ASDghi5671@cvnM|1905-08-31|Layla.DamarraDispName|1|1
Kristina|Roumell|Kristina.Roumell@gmail.com|ASDghi5671@cvnM|1962-08-29|Kristina.RoumellDispName|1|1
Eugine|Buttaro|Eugine.Buttaro@gmail.com|ASDghi5671@cvnM|1942-06-20|Eugine.ButtaroDispName|1|2
Gretal|Gibbeon|Gretal.Gibbeon@gmail.com|ASDghi5671@cvnM|1965-08-04|Gretal.GibbeonDispName|1|2
Roz|Lissi|Roz.Lissi@gmail.com|ASDghi5671@cvnM|1927-07-10|Roz.LissiDispName|1|1
Sonni|Liebermann|Sonni.Liebermann@gmail.com|ASDghi5671@cvnM|1902-09-07|Sonni.LiebermannDispName|1|2
Cassondra|Gwenore|Cassondra.Gwenore@gmail.com|ASDghi5671@cvnM|1994-01-27|Cassondra.GwenoreDispName|1|1
Suzette|Rebecka|Suzette.Rebecka@gmail.com|ASDghi5671@cvnM|1968-11-15|Suzette.RebeckaDispName|1|2
Ira|Screens|Ira.Screens@gmail.com|ASDghi5671@cvnM|1917-08-30|Ira.ScreensDispName|1|1
Marline|Sprage|Marline.Sprage@gmail.com|ASDghi5671@cvnM|1960-03-03|Marline.SprageDispName|1|2
Cherilyn|Hachmin|Cherilyn.Hachmin@gmail.com|ASDghi5671@cvnM|1997-11-22|Cherilyn.HachminDispName|1|2
Cindelyn|Fax|Cindelyn.Fax@gmail.com|ASDghi5671@cvnM|2000-04-23|Cindelyn.FaxDispName|1|2
Quintina|Fredi|Quintina.Fredi@gmail.com|ASDghi5671@cvnM|2019-06-04|Quintina.FrediDispName|1|2
Yetty|Geffner|Yetty.Geffner@gmail.com|ASDghi5671@cvnM|2008-02-11|Yetty.GeffnerDispName|1|1
Elsie|Jagir|Elsie.Jagir@gmail.com|ASDghi5671@cvnM|2019-04-02|Elsie.JagirDispName|1|1
Susan|Glovsky|Susan.Glovsky@gmail.com|ASDghi5671@cvnM|1924-01-03|Susan.GlovskyDispName|1|1
Raquela|Juliet|Raquela.Juliet@gmail.com|ASDghi5671@cvnM|1927-05-12|Raquela.JulietDispName|1|1
Riannon|Pettiford|Riannon.Pettiford@gmail.com|ASDghi5671@cvnM|1903-03-25|Riannon.PettifordDispName|1|2
Eadie|Amand|Eadie.Amand@gmail.com|ASDghi5671@cvnM|2005-10-18|Eadie.AmandDispName|1|2
Kristina|Fancie|Kristina.Fancie@gmail.com|ASDghi5671@cvnM|1956-02-09|Kristina.FancieDispName|1|1
Margalo|Donoghue|Margalo.Donoghue@gmail.com|ASDghi5671@cvnM|1976-11-17|Margalo.DonoghueDispName|1|1
Ottilie|Dash|Ottilie.Dash@gmail.com|ASDghi5671@cvnM|2010-04-06|Ottilie.DashDispName|1|2
Augustine|Moina|Augustine.Moina@gmail.com|ASDghi5671@cvnM|1986-04-04|Augustine.MoinaDispName|1|1
Edee|Romelda|Edee.Romelda@gmail.com|ASDghi5671@cvnM|1948-08-30|Edee.RomeldaDispName|1|1
Gwenneth|Burch|Gwenneth.Burch@gmail.com|ASDghi5671@cvnM|2004-06-27|Gwenneth.BurchDispName|1|2
Valera|Waldron|Valera.Waldron@gmail.com|ASDghi5671@cvnM|1948-08-11|Valera.WaldronDispName|1|1
Caryl|Sasnett|Caryl.Sasnett@gmail.com|ASDghi5671@cvnM|1935-03-31|Caryl.SasnettDispName|1|1
Oralee|Love|Oralee.Love@gmail.com|ASDghi5671@cvnM|2001-04-20|Oralee.LoveDispName|1|2
Roxane|Elsinore|Roxane.Elsinore@gmail.com|ASDghi5671@cvnM|1992-07-13|Roxane.ElsinoreDispName|1|1
Nariko|Lytton|Nariko.Lytton@gmail.com|ASDghi5671@cvnM|1908-10-03|Nariko.LyttonDispName|1|1
Sam|Jalbert|Sam.Jalbert@gmail.com|ASDghi5671@cvnM|1969-08-30|Sam.JalbertDispName|1|2
Florie|Kravits|Florie.Kravits@gmail.com|ASDghi5671@cvnM|1934-01-24|Florie.KravitsDispName|1|1
Ofilia|Ade|Ofilia.Ade@gmail.com|ASDghi5671@cvnM|1939-03-20|Ofilia.AdeDispName|1|1
Hermione|Francyne|Hermione.Francyne@gmail.com|ASDghi5671@cvnM|2000-11-30|Hermione.FrancyneDispName|1|1
Charlena|Karylin|Charlena.Karylin@gmail.com|ASDghi5671@cvnM|1997-06-01|Charlena.KarylinDispName|1|2
Mary|Thar|Mary.Thar@gmail.com|ASDghi5671@cvnM|1909-12-27|Mary.TharDispName|1|1
Doro|Giule|Doro.Giule@gmail.com|ASDghi5671@cvnM|1986-07-12|Doro.GiuleDispName|1|1
Belva|Thad|Belva.Thad@gmail.com|ASDghi5671@cvnM|1950-05-20|Belva.ThadDispName|1|1
Juliane|Ferrell|Juliane.Ferrell@gmail.com|ASDghi5671@cvnM|1948-01-12|Juliane.FerrellDispName|1|2
Lynea|Alejoa|Lynea.Alejoa@gmail.com|ASDghi5671@cvnM|1947-02-03|Lynea.AlejoaDispName|1|2
Lynnea|Madaih|Lynnea.Madaih@gmail.com|ASDghi5671@cvnM|1942-01-02|Lynnea.MadaihDispName|1|2
Wanda|Bigner|Wanda.Bigner@gmail.com|ASDghi5671@cvnM|1904-01-11|Wanda.BignerDispName|1|1
Emilia|Garlinda|Emilia.Garlinda@gmail.com|ASDghi5671@cvnM|1940-11-22|Emilia.GarlindaDispName|1|1
Hallie|Chauncey|Hallie.Chauncey@gmail.com|ASDghi5671@cvnM|1955-02-19|Hallie.ChaunceyDispName|1|1
Barbi|Hollingsworth|Barbi.Hollingsworth@gmail.com|ASDghi5671@cvnM|1985-12-21|Barbi.HollingsworthDispName|1|2
Yetty|Olympium|Yetty.Olympium@gmail.com|ASDghi5671@cvnM|1923-03-30|Yetty.OlympiumDispName|1|1
Elmira|Hedve|Elmira.Hedve@gmail.com|ASDghi5671@cvnM|1970-12-27|Elmira.HedveDispName|1|1
Katharina|Candy|Katharina.Candy@gmail.com|ASDghi5671@cvnM|1969-10-18|Katharina.CandyDispName|1|2
Veda|Rubie|Veda.Rubie@gmail.com|ASDghi5671@cvnM|1987-06-24|Veda.RubieDispName|1|1
Doro|Kiersten|Doro.Kiersten@gmail.com|ASDghi5671@cvnM|1987-01-01|Doro.KierstenDispName|1|2
Larine|Fredi|Larine.Fredi@gmail.com|ASDghi5671@cvnM|1949-08-06|Larine.FrediDispName|1|2
Cathyleen|Radu|Cathyleen.Radu@gmail.com|ASDghi5671@cvnM|1968-05-15|Cathyleen.RaduDispName|1|2
Bobbi|Kimmie|Bobbi.Kimmie@gmail.com|ASDghi5671@cvnM|1915-11-14|Bobbi.KimmieDispName|1|2
Belinda|Catie|Belinda.Catie@gmail.com|ASDghi5671@cvnM|1905-07-06|Belinda.CatieDispName|1|2
Helsa|Alisia|Helsa.Alisia@gmail.com|ASDghi5671@cvnM|1955-05-13|Helsa.AlisiaDispName|1|2
Ann-Marie|Leffen|Ann-Marie.Leffen@gmail.com|ASDghi5671@cvnM|2010-10-10|Ann-Marie.LeffenDispName|1|2
Danika|Redmond|Danika.Redmond@gmail.com|ASDghi5671@cvnM|1956-05-21|Danika.RedmondDispName|1|2
Cyndie|Franza|Cyndie.Franza@gmail.com|ASDghi5671@cvnM|1978-05-24|Cyndie.FranzaDispName|1|1
Wanda|Kenney|Wanda.Kenney@gmail.com|ASDghi5671@cvnM|1926-09-17|Wanda.KenneyDispName|1|1
Shauna|Tryck|Shauna.Tryck@gmail.com|ASDghi5671@cvnM|1935-10-24|Shauna.TryckDispName|1|1
Gloria|Matthew|Gloria.Matthew@gmail.com|ASDghi5671@cvnM|1962-03-24|Gloria.MatthewDispName|1|1
Hallie|Ball|Hallie.Ball@gmail.com|ASDghi5671@cvnM|1994-12-13|Hallie.BallDispName|1|1
Hayley|Riordan|Hayley.Riordan@gmail.com|ASDghi5671@cvnM|1924-12-27|Hayley.RiordanDispName|1|1
Ilse|Brunell|Ilse.Brunell@gmail.com|ASDghi5671@cvnM|1978-01-13|Ilse.BrunellDispName|1|2
Juliane|Mandler|Juliane.Mandler@gmail.com|ASDghi5671@cvnM|1998-01-07|Juliane.MandlerDispName|1|2
Catrina|Fiann|Catrina.Fiann@gmail.com|ASDghi5671@cvnM|1986-10-09|Catrina.FiannDispName|1|2
Carlie|Abernon|Carlie.Abernon@gmail.com|ASDghi5671@cvnM|1915-06-09|Carlie.AbernonDispName|1|2
Cristine|Marsden|Cristine.Marsden@gmail.com|ASDghi5671@cvnM|2005-06-01|Cristine.MarsdenDispName|1|1
Quintina|Richers|Quintina.Richers@gmail.com|ASDghi5671@cvnM|1939-07-05|Quintina.RichersDispName|1|2
Atlanta|Demitria|Atlanta.Demitria@gmail.com|ASDghi5671@cvnM|1988-03-14|Atlanta.DemitriaDispName|1|2
Sybille|Revkah|Sybille.Revkah@gmail.com|ASDghi5671@cvnM|1999-01-26|Sybille.RevkahDispName|1|1
Consuela|Reneta|Consuela.Reneta@gmail.com|ASDghi5671@cvnM|2011-06-08|Consuela.RenetaDispName|1|2
Norine|Geffner|Norine.Geffner@gmail.com|ASDghi5671@cvnM|1951-09-20|Norine.GeffnerDispName|1|1
Teriann|Oscar|Teriann.Oscar@gmail.com|ASDghi5671@cvnM|1912-07-29|Teriann.OscarDispName|1|2
Gerianna|Jefferey|Gerianna.Jefferey@gmail.com|ASDghi5671@cvnM|1924-03-09|Gerianna.JeffereyDispName|1|1
Dulcinea|Wesle|Dulcinea.Wesle@gmail.com|ASDghi5671@cvnM|1948-08-11|Dulcinea.WesleDispName|1|1
Elena|Ephrem|Elena.Ephrem@gmail.com|ASDghi5671@cvnM|1975-02-17|Elena.EphremDispName|1|1
Carilyn|Gino|Carilyn.Gino@gmail.com|ASDghi5671@cvnM|1931-11-02|Carilyn.GinoDispName|1|2
Dulcinea|Egbert|Dulcinea.Egbert@gmail.com|ASDghi5671@cvnM|1978-01-18|Dulcinea.EgbertDispName|1|1
Kristan|Hedve|Kristan.Hedve@gmail.com|ASDghi5671@cvnM|1958-02-06|Kristan.HedveDispName|1|1
Krystle|Nickola|Krystle.Nickola@gmail.com|ASDghi5671@cvnM|1965-08-12|Krystle.NickolaDispName|1|2
Mariann|Fillbert|Mariann.Fillbert@gmail.com|ASDghi5671@cvnM|1931-10-24|Mariann.FillbertDispName|1|1
Jere|Cutlerr|Jere.Cutlerr@gmail.com|ASDghi5671@cvnM|1993-08-30|Jere.CutlerrDispName|1|2
Olwen|Linehan|Olwen.Linehan@gmail.com|ASDghi5671@cvnM|1922-04-11|Olwen.LinehanDispName|1|2
Nickie|Dituri|Nickie.Dituri@gmail.com|ASDghi5671@cvnM|1981-09-11|Nickie.DituriDispName|1|1
Agnese|Bashemeth|Agnese.Bashemeth@gmail.com|ASDghi5671@cvnM|1998-05-27|Agnese.BashemethDispName|1|2
Nickie|Prober|Nickie.Prober@gmail.com|ASDghi5671@cvnM|2017-02-24|Nickie.ProberDispName|1|1
Bee|Charmine|Bee.Charmine@gmail.com|ASDghi5671@cvnM|1921-02-01|Bee.CharmineDispName|1|1
Sissy|Friede|Sissy.Friede@gmail.com|ASDghi5671@cvnM|1958-06-19|Sissy.FriedeDispName|1|2
Melisent|Yerkovich|Melisent.Yerkovich@gmail.com|ASDghi5671@cvnM|1948-01-19|Melisent.YerkovichDispName|1|1
Selma|Schenck|Selma.Schenck@gmail.com|ASDghi5671@cvnM|1951-04-29|Selma.SchenckDispName|1|1
Frieda|Hylan|Frieda.Hylan@gmail.com|ASDghi5671@cvnM|1903-05-27|Frieda.HylanDispName|1|2
Dorice|Ephrem|Dorice.Ephrem@gmail.com|ASDghi5671@cvnM|1921-12-12|Dorice.EphremDispName|1|1
Theodora|Rad|Theodora.Rad@gmail.com|ASDghi5671@cvnM|2001-06-28|Theodora.RadDispName|1|2
Miquela|McClimans|Miquela.McClimans@gmail.com|ASDghi5671@cvnM|1933-05-01|Miquela.McClimansDispName|1|1
Nanete|Wyn|Nanete.Wyn@gmail.com|ASDghi5671@cvnM|1902-02-03|Nanete.WynDispName|1|2
Donnie|Cath|Donnie.Cath@gmail.com|ASDghi5671@cvnM|1907-02-02|Donnie.CathDispName|1|2
Kellen|Ulphia|Kellen.Ulphia@gmail.com|ASDghi5671@cvnM|1993-07-26|Kellen.UlphiaDispName|1|1
Mignon|Sisile|Mignon.Sisile@gmail.com|ASDghi5671@cvnM|1918-11-04|Mignon.SisileDispName|1|2
Mignon|Ortrude|Mignon.Ortrude@gmail.com|ASDghi5671@cvnM|1914-11-09|Mignon.OrtrudeDispName|1|2
Marjie|Tremayne|Marjie.Tremayne@gmail.com|ASDghi5671@cvnM|1919-06-23|Marjie.TremayneDispName|1|1
Raina|Maryanne|Raina.Maryanne@gmail.com|ASDghi5671@cvnM|1975-05-03|Raina.MaryanneDispName|1|2
Cathyleen|Kronfeld|Cathyleen.Kronfeld@gmail.com|ASDghi5671@cvnM|1942-10-02|Cathyleen.KronfeldDispName|1|2
Tabbatha|O'Neill|Tabbatha.O'Neill@gmail.com|ASDghi5671@cvnM|1978-08-28|Tabbatha.O'NeillDispName|1|2
Vita|Berard|Vita.Berard@gmail.com|ASDghi5671@cvnM|1994-06-12|Vita.BerardDispName|1|2
Cyb|Milson|Cyb.Milson@gmail.com|ASDghi5671@cvnM|1959-04-16|Cyb.MilsonDispName|1|1
Kate|Madox|Kate.Madox@gmail.com|ASDghi5671@cvnM|1948-06-20|Kate.MadoxDispName|1|1
Gretal|Adore|Gretal.Adore@gmail.com|ASDghi5671@cvnM|1995-12-17|Gretal.AdoreDispName|1|2
Sashenka|Halsey|Sashenka.Halsey@gmail.com|ASDghi5671@cvnM|2009-04-27|Sashenka.HalseyDispName|1|1
Hallie|Arquit|Hallie.Arquit@gmail.com|ASDghi5671@cvnM|1911-12-14|Hallie.ArquitDispName|1|2
Kylynn|Arvo|Kylynn.Arvo@gmail.com|ASDghi5671@cvnM|2002-11-19|Kylynn.ArvoDispName|1|1
Dianemarie|Dimitris|Dianemarie.Dimitris@gmail.com|ASDghi5671@cvnM|1954-05-05|Dianemarie.DimitrisDispName|1|2
Ardenia|Crudden|Ardenia.Crudden@gmail.com|ASDghi5671@cvnM|1962-06-27|Ardenia.CruddenDispName|1|1
Lacie|Yerkovich|Lacie.Yerkovich@gmail.com|ASDghi5671@cvnM|1945-09-22|Lacie.YerkovichDispName|1|1
Morganica|Astra|Morganica.Astra@gmail.com|ASDghi5671@cvnM|1900-03-06|Morganica.AstraDispName|1|1
Goldie|Brady|Goldie.Brady@gmail.com|ASDghi5671@cvnM|1906-09-01|Goldie.BradyDispName|1|1
Carree|Wolfgram|Carree.Wolfgram@gmail.com|ASDghi5671@cvnM|1906-07-28|Carree.WolfgramDispName|1|2
Justinn|Genna|Justinn.Genna@gmail.com|ASDghi5671@cvnM|1966-10-24|Justinn.GennaDispName|1|1
Corry|Sabella|Corry.Sabella@gmail.com|ASDghi5671@cvnM|1929-04-02|Corry.SabellaDispName|1|2
Gisela|Nunci|Gisela.Nunci@gmail.com|ASDghi5671@cvnM|1937-12-05|Gisela.NunciDispName|1|1
Aigneis|Cavan|Aigneis.Cavan@gmail.com|ASDghi5671@cvnM|1979-06-27|Aigneis.CavanDispName|1|1
Marika|Breed|Marika.Breed@gmail.com|ASDghi5671@cvnM|1977-03-08|Marika.BreedDispName|1|2
Helsa|Ulphia|Helsa.Ulphia@gmail.com|ASDghi5671@cvnM|2006-03-18|Helsa.UlphiaDispName|1|2
Alie|Tristram|Alie.Tristram@gmail.com|ASDghi5671@cvnM|1936-02-04|Alie.TristramDispName|1|1
Brandise|Judye|Brandise.Judye@gmail.com|ASDghi5671@cvnM|1900-11-26|Brandise.JudyeDispName|1|1
Andree|Ade|Andree.Ade@gmail.com|ASDghi5671@cvnM|1907-11-05|Andree.AdeDispName|1|1
Mahalia|Whittaker|Mahalia.Whittaker@gmail.com|ASDghi5671@cvnM|2003-04-23|Mahalia.WhittakerDispName|1|1
Emilia|Voletta|Emilia.Voletta@gmail.com|ASDghi5671@cvnM|1952-06-23|Emilia.VolettaDispName|1|1
Nikki|Garrison|Nikki.Garrison@gmail.com|ASDghi5671@cvnM|2012-02-23|Nikki.GarrisonDispName|1|1
Lucille|Isidore|Lucille.Isidore@gmail.com|ASDghi5671@cvnM|1920-03-26|Lucille.IsidoreDispName|1|1
Julieta|Darbie|Julieta.Darbie@gmail.com|ASDghi5671@cvnM|1908-01-29|Julieta.DarbieDispName|1|1
Margette|Ries|Margette.Ries@gmail.com|ASDghi5671@cvnM|1951-03-05|Margette.RiesDispName|1|1
Myrtice|Riva|Myrtice.Riva@gmail.com|ASDghi5671@cvnM|1937-08-29|Myrtice.RivaDispName|1|2
Elka|Ariella|Elka.Ariella@gmail.com|ASDghi5671@cvnM|1926-10-31|Elka.AriellaDispName|1|2
Julieta|Gaal|Julieta.Gaal@gmail.com|ASDghi5671@cvnM|1949-09-17|Julieta.GaalDispName|1|2
Joelly|Middleton|Joelly.Middleton@gmail.com|ASDghi5671@cvnM|2007-11-28|Joelly.MiddletonDispName|1|2
Alleen|Lowry|Alleen.Lowry@gmail.com|ASDghi5671@cvnM|1965-11-27|Alleen.LowryDispName|1|1
Christian|Maisey|Christian.Maisey@gmail.com|ASDghi5671@cvnM|1920-04-01|Christian.MaiseyDispName|1|2
Letizia|Anselmi|Letizia.Anselmi@gmail.com|ASDghi5671@cvnM|1940-10-05|Letizia.AnselmiDispName|1|2
Modestia|Ruvolo|Modestia.Ruvolo@gmail.com|ASDghi5671@cvnM|1926-05-27|Modestia.RuvoloDispName|1|2
Zaria|Wittie|Zaria.Wittie@gmail.com|ASDghi5671@cvnM|1912-10-12|Zaria.WittieDispName|1|2
Vivia|Bettine|Vivia.Bettine@gmail.com|ASDghi5671@cvnM|2019-03-16|Vivia.BettineDispName|1|2
Raf|Jena|Raf.Jena@gmail.com|ASDghi5671@cvnM|1960-09-23|Raf.JenaDispName|1|1
Teriann|Trinetta|Teriann.Trinetta@gmail.com|ASDghi5671@cvnM|2019-04-13|Teriann.TrinettaDispName|1|1
Melisent|Slifka|Melisent.Slifka@gmail.com|ASDghi5671@cvnM|1993-11-12|Melisent.SlifkaDispName|1|1
Corene|Merat|Corene.Merat@gmail.com|ASDghi5671@cvnM|1967-07-22|Corene.MeratDispName|1|1
Kathy|Remmer|Kathy.Remmer@gmail.com|ASDghi5671@cvnM|1967-12-22|Kathy.RemmerDispName|1|2
Stacey|Dorothy|Stacey.Dorothy@gmail.com|ASDghi5671@cvnM|1974-10-15|Stacey.DorothyDispName|1|1
Ekaterina|Morgun|Ekaterina.Morgun@gmail.com|ASDghi5671@cvnM|1911-06-25|Ekaterina.MorgunDispName|1|1
Tybie|Pulsifer|Tybie.Pulsifer@gmail.com|ASDghi5671@cvnM|1972-07-14|Tybie.PulsiferDispName|1|1
Natka|Lissi|Natka.Lissi@gmail.com|ASDghi5671@cvnM|1927-09-24|Natka.LissiDispName|1|1
Eve|Means|Eve.Means@gmail.com|ASDghi5671@cvnM|1925-11-27|Eve.MeansDispName|1|1
Robbi|Pillsbury|Robbi.Pillsbury@gmail.com|ASDghi5671@cvnM|1923-11-21|Robbi.PillsburyDispName|1|2
Rubie|Anis|Rubie.Anis@gmail.com|ASDghi5671@cvnM|1931-07-27|Rubie.AnisDispName|1|2
Therine|Markman|Therine.Markman@gmail.com|ASDghi5671@cvnM|1916-04-13|Therine.MarkmanDispName|1|1
Shel|Miru|Shel.Miru@gmail.com|ASDghi5671@cvnM|1981-04-07|Shel.MiruDispName|1|2
Larine|Percy|Larine.Percy@gmail.com|ASDghi5671@cvnM|1917-01-10|Larine.PercyDispName|1|1
Nickie|Cyrie|Nickie.Cyrie@gmail.com|ASDghi5671@cvnM|1910-08-22|Nickie.CyrieDispName|1|2
Elena|Dearborn|Elena.Dearborn@gmail.com|ASDghi5671@cvnM|2016-05-01|Elena.DearbornDispName|1|2
Alameda|Orelee|Alameda.Orelee@gmail.com|ASDghi5671@cvnM|1960-11-20|Alameda.OreleeDispName|1|1
Robinia|Joli|Robinia.Joli@gmail.com|ASDghi5671@cvnM|1975-12-28|Robinia.JoliDispName|1|1
Jenda|Maxi|Jenda.Maxi@gmail.com|ASDghi5671@cvnM|1972-01-29|Jenda.MaxiDispName|1|2
Mariann|Erminia|Mariann.Erminia@gmail.com|ASDghi5671@cvnM|1909-04-29|Mariann.ErminiaDispName|1|2
Dania|Leler|Dania.Leler@gmail.com|ASDghi5671@cvnM|1924-10-26|Dania.LelerDispName|1|2
Kimberley|Thunell|Kimberley.Thunell@gmail.com|ASDghi5671@cvnM|2008-09-09|Kimberley.ThunellDispName|1|2
Randa|Dahlia|Randa.Dahlia@gmail.com|ASDghi5671@cvnM|1997-10-16|Randa.DahliaDispName|1|1
Dorene|Wu|Dorene.Wu@gmail.com|ASDghi5671@cvnM|1900-08-27|Dorene.WuDispName|1|2
Rosanne|Sundin|Rosanne.Sundin@gmail.com|ASDghi5671@cvnM|1938-03-13|Rosanne.SundinDispName|1|2
Gerrie|Gibbeon|Gerrie.Gibbeon@gmail.com|ASDghi5671@cvnM|1947-09-14|Gerrie.GibbeonDispName|1|1
Jenda|Strephon|Jenda.Strephon@gmail.com|ASDghi5671@cvnM|1989-07-18|Jenda.StrephonDispName|1|2
Cathie|Kunin|Cathie.Kunin@gmail.com|ASDghi5671@cvnM|1926-01-18|Cathie.KuninDispName|1|2
Joelly|Casimir|Joelly.Casimir@gmail.com|ASDghi5671@cvnM|1947-11-08|Joelly.CasimirDispName|1|1
Molli|Oneida|Molli.Oneida@gmail.com|ASDghi5671@cvnM|1974-03-16|Molli.OneidaDispName|1|1
Gilligan|Sperling|Gilligan.Sperling@gmail.com|ASDghi5671@cvnM|1978-05-21|Gilligan.SperlingDispName|1|2
Lory|Krystle|Lory.Krystle@gmail.com|ASDghi5671@cvnM|1933-03-14|Lory.KrystleDispName|1|2
Regina|Rocray|Regina.Rocray@gmail.com|ASDghi5671@cvnM|1967-10-01|Regina.RocrayDispName|1|2
Louella|Callista|Louella.Callista@gmail.com|ASDghi5671@cvnM|1933-04-26|Louella.CallistaDispName|1|1
Ursulina|Hamil|Ursulina.Hamil@gmail.com|ASDghi5671@cvnM|2014-06-08|Ursulina.HamilDispName|1|1
Carolina|Arvo|Carolina.Arvo@gmail.com|ASDghi5671@cvnM|2003-12-26|Carolina.ArvoDispName|1|1
Kenna|Berne|Kenna.Berne@gmail.com|ASDghi5671@cvnM|2004-11-20|Kenna.BerneDispName|1|2
Elena|Llovera|Elena.Llovera@gmail.com|ASDghi5671@cvnM|2017-10-18|Elena.LloveraDispName|1|1
Kara-Lynn|Kylander|Kara-Lynn.Kylander@gmail.com|ASDghi5671@cvnM|1972-06-05|Kara-Lynn.KylanderDispName|1|1
Stacey|Wenda|Stacey.Wenda@gmail.com|ASDghi5671@cvnM|1959-07-10|Stacey.WendaDispName|1|1
Elyssa|Winthorpe|Elyssa.Winthorpe@gmail.com|ASDghi5671@cvnM|1940-11-08|Elyssa.WinthorpeDispName|1|1
Moyna|Durware|Moyna.Durware@gmail.com|ASDghi5671@cvnM|2009-11-14|Moyna.DurwareDispName|1|1
Alyssa|Kauppi|Alyssa.Kauppi@gmail.com|ASDghi5671@cvnM|1987-11-18|Alyssa.KauppiDispName|1|1
Tersina|Stefa|Tersina.Stefa@gmail.com|ASDghi5671@cvnM|1950-12-05|Tersina.StefaDispName|1|1
Gertrud|Hunfredo|Gertrud.Hunfredo@gmail.com|ASDghi5671@cvnM|1978-02-10|Gertrud.HunfredoDispName|1|1
Felice|Muriel|Felice.Muriel@gmail.com|ASDghi5671@cvnM|1958-01-04|Felice.MurielDispName|1|2
Aubrie|Gaynor|Aubrie.Gaynor@gmail.com|ASDghi5671@cvnM|1976-05-25|Aubrie.GaynorDispName|1|2
Marcy|Blase|Marcy.Blase@gmail.com|ASDghi5671@cvnM|1908-03-18|Marcy.BlaseDispName|1|2
Carlie|Zamora|Carlie.Zamora@gmail.com|ASDghi5671@cvnM|2002-10-21|Carlie.ZamoraDispName|1|2
Almeta|Bettine|Almeta.Bettine@gmail.com|ASDghi5671@cvnM|1973-12-27|Almeta.BettineDispName|1|1
Jacenta|Brenn|Jacenta.Brenn@gmail.com|ASDghi5671@cvnM|1995-07-23|Jacenta.BrennDispName|1|1
Cyndie|Halla|Cyndie.Halla@gmail.com|ASDghi5671@cvnM|1903-02-13|Cyndie.HallaDispName|1|2
Julieta|Maxi|Julieta.Maxi@gmail.com|ASDghi5671@cvnM|1944-05-10|Julieta.MaxiDispName|1|1
Phylis|Sallyann|Phylis.Sallyann@gmail.com|ASDghi5671@cvnM|1904-10-18|Phylis.SallyannDispName|1|2
Ofilia|Danby|Ofilia.Danby@gmail.com|ASDghi5671@cvnM|1971-10-02|Ofilia.DanbyDispName|1|1
Mariele|Phaidra|Mariele.Phaidra@gmail.com|ASDghi5671@cvnM|1908-07-13|Mariele.PhaidraDispName|1|2
Kimberley|Gaynor|Kimberley.Gaynor@gmail.com|ASDghi5671@cvnM|1980-08-11|Kimberley.GaynorDispName|1|1
Dennie|Kolnick|Dennie.Kolnick@gmail.com|ASDghi5671@cvnM|1908-02-02|Dennie.KolnickDispName|1|1
Jinny|Dituri|Jinny.Dituri@gmail.com|ASDghi5671@cvnM|1958-02-17|Jinny.DituriDispName|1|1
Alameda|Kat|Alameda.Kat@gmail.com|ASDghi5671@cvnM|1959-12-31|Alameda.KatDispName|1|2
Meriel|Orlene|Meriel.Orlene@gmail.com|ASDghi5671@cvnM|1923-05-10|Meriel.OrleneDispName|1|1
Di|Barney|Di.Barney@gmail.com|ASDghi5671@cvnM|1956-10-15|Di.BarneyDispName|1|1
Frank|Wildermuth|Frank.Wildermuth@gmail.com|ASDghi5671@cvnM|2015-01-12|Frank.WildermuthDispName|1|2
Amalie|Schroth|Amalie.Schroth@gmail.com|ASDghi5671@cvnM|2004-10-27|Amalie.SchrothDispName|1|2
Atlanta|Kellby|Atlanta.Kellby@gmail.com|ASDghi5671@cvnM|1927-10-13|Atlanta.KellbyDispName|1|2
Brandise|Nedrud|Brandise.Nedrud@gmail.com|ASDghi5671@cvnM|1931-04-21|Brandise.NedrudDispName|1|2
Luci|Weitman|Luci.Weitman@gmail.com|ASDghi5671@cvnM|1987-10-01|Luci.WeitmanDispName|1|2
Alex|Damarra|Alex.Damarra@gmail.com|ASDghi5671@cvnM|1977-01-28|Alex.DamarraDispName|1|1
Myriam|Old|Myriam.Old@gmail.com|ASDghi5671@cvnM|1919-11-26|Myriam.OldDispName|1|1
Zsa Zsa|Virgin|Zsa Zsa.Virgin@gmail.com|ASDghi5671@cvnM|2001-08-09|Zsa Zsa.VirginDispName|1|2
Ezmeralda|Sharl|Ezmeralda.Sharl@gmail.com|ASDghi5671@cvnM|1957-06-27|Ezmeralda.SharlDispName|1|1
Blinni|Francene|Blinni.Francene@gmail.com|ASDghi5671@cvnM|1904-08-06|Blinni.FranceneDispName|1|1
Bobbi|Vacuva|Bobbi.Vacuva@gmail.com|ASDghi5671@cvnM|1966-04-18|Bobbi.VacuvaDispName|1|2
Briney|Amasa|Briney.Amasa@gmail.com|ASDghi5671@cvnM|1957-01-22|Briney.AmasaDispName|1|1
Konstance|Simmonds|Konstance.Simmonds@gmail.com|ASDghi5671@cvnM|2003-07-08|Konstance.SimmondsDispName|1|2
Jere|Bendick|Jere.Bendick@gmail.com|ASDghi5671@cvnM|1971-02-24|Jere.BendickDispName|1|2
Mureil|Haldas|Mureil.Haldas@gmail.com|ASDghi5671@cvnM|1903-04-12|Mureil.HaldasDispName|1|1
Bibby|Kaete|Bibby.Kaete@gmail.com|ASDghi5671@cvnM|1979-01-14|Bibby.KaeteDispName|1|2
Tressa|Means|Tressa.Means@gmail.com|ASDghi5671@cvnM|1979-07-31|Tressa.MeansDispName|1|1
Luci|Eachern|Luci.Eachern@gmail.com|ASDghi5671@cvnM|1982-08-24|Luci.EachernDispName|1|1
Hope|Waite|Hope.Waite@gmail.com|ASDghi5671@cvnM|1945-03-01|Hope.WaiteDispName|1|2
Corene|Hollingsworth|Corene.Hollingsworth@gmail.com|ASDghi5671@cvnM|1961-09-30|Corene.HollingsworthDispName|1|1
Maryellen|Gaspard|Maryellen.Gaspard@gmail.com|ASDghi5671@cvnM|1960-06-03|Maryellen.GaspardDispName|1|1
Hallie|LaRue|Hallie.LaRue@gmail.com|ASDghi5671@cvnM|1976-06-05|Hallie.LaRueDispName|1|1
Elfreda|Tengdin|Elfreda.Tengdin@gmail.com|ASDghi5671@cvnM|1990-10-06|Elfreda.TengdinDispName|1|2
Ermengarde|Fabiola|Ermengarde.Fabiola@gmail.com|ASDghi5671@cvnM|1977-03-16|Ermengarde.FabiolaDispName|1|1
Hayley|Delacourt|Hayley.Delacourt@gmail.com|ASDghi5671@cvnM|1930-04-08|Hayley.DelacourtDispName|1|1
Katharina|Johanna|Katharina.Johanna@gmail.com|ASDghi5671@cvnM|1972-01-20|Katharina.JohannaDispName|1|1
Kimmy|Simmonds|Kimmy.Simmonds@gmail.com|ASDghi5671@cvnM|1922-04-29|Kimmy.SimmondsDispName|1|1
Bernardine|Vittoria|Bernardine.Vittoria@gmail.com|ASDghi5671@cvnM|1918-10-30|Bernardine.VittoriaDispName|1|2
Atlanta|Bearnard|Atlanta.Bearnard@gmail.com|ASDghi5671@cvnM|1995-09-28|Atlanta.BearnardDispName|1|2
Dawn|Cherianne|Dawn.Cherianne@gmail.com|ASDghi5671@cvnM|1975-08-16|Dawn.CherianneDispName|1|1
Arabel|Burkle|Arabel.Burkle@gmail.com|ASDghi5671@cvnM|1941-09-20|Arabel.BurkleDispName|1|1
Bertine|Talia|Bertine.Talia@gmail.com|ASDghi5671@cvnM|1902-06-14|Bertine.TaliaDispName|1|2
Helena|Rese|Helena.Rese@gmail.com|ASDghi5671@cvnM|1961-03-21|Helena.ReseDispName|1|2
Theodora|Aldric|Theodora.Aldric@gmail.com|ASDghi5671@cvnM|1900-11-12|Theodora.AldricDispName|1|2
Evita|Darbie|Evita.Darbie@gmail.com|ASDghi5671@cvnM|1997-05-30|Evita.DarbieDispName|1|2
Nariko|Gillan|Nariko.Gillan@gmail.com|ASDghi5671@cvnM|1921-09-27|Nariko.GillanDispName|1|2
Jorry|Boehike|Jorry.Boehike@gmail.com|ASDghi5671@cvnM|1915-02-22|Jorry.BoehikeDispName|1|1
Karina|Sigfrid|Karina.Sigfrid@gmail.com|ASDghi5671@cvnM|1919-12-12|Karina.SigfridDispName|1|2
Estell|Berl|Estell.Berl@gmail.com|ASDghi5671@cvnM|1925-06-27|Estell.BerlDispName|1|2
Ernesta|Annabella|Ernesta.Annabella@gmail.com|ASDghi5671@cvnM|1907-04-06|Ernesta.AnnabellaDispName|1|2
Sallie|Wu|Sallie.Wu@gmail.com|ASDghi5671@cvnM|1985-05-20|Sallie.WuDispName|1|1
Mureil|Fry|Mureil.Fry@gmail.com|ASDghi5671@cvnM|1986-05-04|Mureil.FryDispName|1|2
Fina|Capello|Fina.Capello@gmail.com|ASDghi5671@cvnM|1945-03-08|Fina.CapelloDispName|1|2
Abbie|Olympium|Abbie.Olympium@gmail.com|ASDghi5671@cvnM|1934-08-09|Abbie.OlympiumDispName|1|1
Dotty|Ackerley|Dotty.Ackerley@gmail.com|ASDghi5671@cvnM|1906-03-13|Dotty.AckerleyDispName|1|2
Julieta|Tayib|Julieta.Tayib@gmail.com|ASDghi5671@cvnM|1927-05-01|Julieta.TayibDispName|1|2
Kylynn|Modie|Kylynn.Modie@gmail.com|ASDghi5671@cvnM|1996-03-27|Kylynn.ModieDispName|1|2
Candy|Wooster|Candy.Wooster@gmail.com|ASDghi5671@cvnM|1962-08-24|Candy.WoosterDispName|1|1
Frances|Hessler|Frances.Hessler@gmail.com|ASDghi5671@cvnM|1943-08-08|Frances.HesslerDispName|1|2
Lucy|Creamer|Lucy.Creamer@gmail.com|ASDghi5671@cvnM|1967-03-11|Lucy.CreamerDispName|1|1
Ada|Maurine|Ada.Maurine@gmail.com|ASDghi5671@cvnM|2009-09-19|Ada.MaurineDispName|1|1
Eugine|Melony|Eugine.Melony@gmail.com|ASDghi5671@cvnM|1986-03-21|Eugine.MelonyDispName|1|2
Aurelie|Couture|Aurelie.Couture@gmail.com|ASDghi5671@cvnM|1959-04-23|Aurelie.CoutureDispName|1|1
Nessie|Laurianne|Nessie.Laurianne@gmail.com|ASDghi5671@cvnM|1952-06-18|Nessie.LaurianneDispName|1|2
Elie|Elbertina|Elie.Elbertina@gmail.com|ASDghi5671@cvnM|1923-08-10|Elie.ElbertinaDispName|1|2
June|Bonucci|June.Bonucci@gmail.com|ASDghi5671@cvnM|1996-12-15|June.BonucciDispName|1|2
Danika|Publia|Danika.Publia@gmail.com|ASDghi5671@cvnM|1907-11-25|Danika.PubliaDispName|1|1
Harmonia|Evangelia|Harmonia.Evangelia@gmail.com|ASDghi5671@cvnM|2012-11-15|Harmonia.EvangeliaDispName|1|1
Katuscha|Old|Katuscha.Old@gmail.com|ASDghi5671@cvnM|2005-08-09|Katuscha.OldDispName|1|2
Fanny|Sasnett|Fanny.Sasnett@gmail.com|ASDghi5671@cvnM|2004-06-30|Fanny.SasnettDispName|1|1
Catharine|Joni|Catharine.Joni@gmail.com|ASDghi5671@cvnM|1960-07-06|Catharine.JoniDispName|1|2
Gale|Maurine|Gale.Maurine@gmail.com|ASDghi5671@cvnM|1930-04-23|Gale.MaurineDispName|1|2
Chastity|Gert|Chastity.Gert@gmail.com|ASDghi5671@cvnM|2017-02-20|Chastity.GertDispName|1|1
Laure|Schwejda|Laure.Schwejda@gmail.com|ASDghi5671@cvnM|1999-05-23|Laure.SchwejdaDispName|1|2
Alyssa|Kalinda|Alyssa.Kalinda@gmail.com|ASDghi5671@cvnM|1911-01-08|Alyssa.KalindaDispName|1|1
Jobi|Gavrila|Jobi.Gavrila@gmail.com|ASDghi5671@cvnM|2014-01-10|Jobi.GavrilaDispName|1|1
Robinia|Alabaster|Robinia.Alabaster@gmail.com|ASDghi5671@cvnM|2008-12-08|Robinia.AlabasterDispName|1|2
Dagmar|Florina|Dagmar.Florina@gmail.com|ASDghi5671@cvnM|2002-05-03|Dagmar.FlorinaDispName|1|2
Magdalena|Soneson|Magdalena.Soneson@gmail.com|ASDghi5671@cvnM|1960-04-23|Magdalena.SonesonDispName|1|1
Sibella|Gino|Sibella.Gino@gmail.com|ASDghi5671@cvnM|1955-01-05|Sibella.GinoDispName|1|1
Ursulina|Winnick|Ursulina.Winnick@gmail.com|ASDghi5671@cvnM|1924-03-27|Ursulina.WinnickDispName|1|1
Kathy|Gherardo|Kathy.Gherardo@gmail.com|ASDghi5671@cvnM|2019-09-24|Kathy.GherardoDispName|1|1
Melanie|Sasnett|Melanie.Sasnett@gmail.com|ASDghi5671@cvnM|1973-06-21|Melanie.SasnettDispName|1|1
Josephine|Ranjiv|Josephine.Ranjiv@gmail.com|ASDghi5671@cvnM|1927-08-28|Josephine.RanjivDispName|1|2
Jean|Greenwald|Jean.Greenwald@gmail.com|ASDghi5671@cvnM|1992-12-14|Jean.GreenwaldDispName|1|2
Natka|Alabaster|Natka.Alabaster@gmail.com|ASDghi5671@cvnM|1987-01-23|Natka.AlabasterDispName|1|2
Yetty|Gherardo|Yetty.Gherardo@gmail.com|ASDghi5671@cvnM|1918-06-25|Yetty.GherardoDispName|1|1
Kassey|Waite|Kassey.Waite@gmail.com|ASDghi5671@cvnM|2002-11-11|Kassey.WaiteDispName|1|1
Tori|Ashely|Tori.Ashely@gmail.com|ASDghi5671@cvnM|1924-10-09|Tori.AshelyDispName|1|1
Clementine|Secrest|Clementine.Secrest@gmail.com|ASDghi5671@cvnM|1950-11-15|Clementine.SecrestDispName|1|2
Ronna|Mathilde|Ronna.Mathilde@gmail.com|ASDghi5671@cvnM|2015-08-27|Ronna.MathildeDispName|1|1
Leontine|Howlyn|Leontine.Howlyn@gmail.com|ASDghi5671@cvnM|1913-11-14|Leontine.HowlynDispName|1|2
Neila|Rad|Neila.Rad@gmail.com|ASDghi5671@cvnM|1956-08-22|Neila.RadDispName|1|1
Andeee|Jobi|Andeee.Jobi@gmail.com|ASDghi5671@cvnM|1922-01-15|Andeee.JobiDispName|1|1
Suzette|Artie|Suzette.Artie@gmail.com|ASDghi5671@cvnM|1986-05-28|Suzette.ArtieDispName|1|1
Ariela|Justinn|Ariela.Justinn@gmail.com|ASDghi5671@cvnM|1983-03-23|Ariela.JustinnDispName|1|2
Wynne|Infield|Wynne.Infield@gmail.com|ASDghi5671@cvnM|1993-06-19|Wynne.InfieldDispName|1|2
Jany|Wattenberg|Jany.Wattenberg@gmail.com|ASDghi5671@cvnM|1910-12-16|Jany.WattenbergDispName|1|2
Wendi|Delacourt|Wendi.Delacourt@gmail.com|ASDghi5671@cvnM|1975-06-17|Wendi.DelacourtDispName|1|1
Beth|Clarissa|Beth.Clarissa@gmail.com|ASDghi5671@cvnM|1918-02-22|Beth.ClarissaDispName|1|1
Alejandra|Khorma|Alejandra.Khorma@gmail.com|ASDghi5671@cvnM|1923-09-25|Alejandra.KhormaDispName|1|2
Petronia|Bettine|Petronia.Bettine@gmail.com|ASDghi5671@cvnM|1967-03-08|Petronia.BettineDispName|1|2
Helena|Darrell|Helena.Darrell@gmail.com|ASDghi5671@cvnM|1954-06-01|Helena.DarrellDispName|1|2
Tatiania|Concha|Tatiania.Concha@gmail.com|ASDghi5671@cvnM|1999-08-02|Tatiania.ConchaDispName|1|1
Tiffie|Boehike|Tiffie.Boehike@gmail.com|ASDghi5671@cvnM|2015-11-17|Tiffie.BoehikeDispName|1|2
Melanie|Socha|Melanie.Socha@gmail.com|ASDghi5671@cvnM|2007-08-28|Melanie.SochaDispName|1|2
Adore|Linehan|Adore.Linehan@gmail.com|ASDghi5671@cvnM|1927-10-17|Adore.LinehanDispName|1|1
Tersina|Barbey|Tersina.Barbey@gmail.com|ASDghi5671@cvnM|1910-06-23|Tersina.BarbeyDispName|1|1
Magdalena|Cadmar|Magdalena.Cadmar@gmail.com|ASDghi5671@cvnM|2011-07-01|Magdalena.CadmarDispName|1|1
Abbie|Bigner|Abbie.Bigner@gmail.com|ASDghi5671@cvnM|2001-06-02|Abbie.BignerDispName|1|2
Devina|Haerr|Devina.Haerr@gmail.com|ASDghi5671@cvnM|1986-04-03|Devina.HaerrDispName|1|1
Janey|Bronk|Janey.Bronk@gmail.com|ASDghi5671@cvnM|1971-03-17|Janey.BronkDispName|1|1
Tersina|Naashom|Tersina.Naashom@gmail.com|ASDghi5671@cvnM|1933-06-27|Tersina.NaashomDispName|1|2
Jaime|Bakerman|Jaime.Bakerman@gmail.com|ASDghi5671@cvnM|2015-03-12|Jaime.BakermanDispName|1|2
Vinita|Evvie|Vinita.Evvie@gmail.com|ASDghi5671@cvnM|1952-07-19|Vinita.EvvieDispName|1|2
Gale|Natica|Gale.Natica@gmail.com|ASDghi5671@cvnM|1974-02-10|Gale.NaticaDispName|1|2
Concettina|Amand|Concettina.Amand@gmail.com|ASDghi5671@cvnM|1965-03-04|Concettina.AmandDispName|1|1
Roberta|Rugen|Roberta.Rugen@gmail.com|ASDghi5671@cvnM|1940-12-10|Roberta.RugenDispName|1|2
Vivia|Breed|Vivia.Breed@gmail.com|ASDghi5671@cvnM|1932-08-20|Vivia.BreedDispName|1|1
Georgetta|Marijo|Georgetta.Marijo@gmail.com|ASDghi5671@cvnM|1926-01-29|Georgetta.MarijoDispName|1|2
Emmey|Kristi|Emmey.Kristi@gmail.com|ASDghi5671@cvnM|1952-05-11|Emmey.KristiDispName|1|2
Carmencita|Clarissa|Carmencita.Clarissa@gmail.com|ASDghi5671@cvnM|1949-09-04|Carmencita.ClarissaDispName|1|1
Jorry|Hewitt|Jorry.Hewitt@gmail.com|ASDghi5671@cvnM|1907-03-07|Jorry.HewittDispName|1|1
Jolyn|Ogren|Jolyn.Ogren@gmail.com|ASDghi5671@cvnM|1991-01-04|Jolyn.OgrenDispName|1|2
Abbie|Fillbert|Abbie.Fillbert@gmail.com|ASDghi5671@cvnM|1939-08-21|Abbie.FillbertDispName|1|2
Justinn|Schonfeld|Justinn.Schonfeld@gmail.com|ASDghi5671@cvnM|1963-12-27|Justinn.SchonfeldDispName|1|1
Clo|Danby|Clo.Danby@gmail.com|ASDghi5671@cvnM|1916-09-22|Clo.DanbyDispName|1|2
Eve|Kenney|Eve.Kenney@gmail.com|ASDghi5671@cvnM|1904-07-10|Eve.KenneyDispName|1|2
Leona|Ephrem|Leona.Ephrem@gmail.com|ASDghi5671@cvnM|1906-07-27|Leona.EphremDispName|1|1
Tressa|Lilybelle|Tressa.Lilybelle@gmail.com|ASDghi5671@cvnM|1913-03-12|Tressa.LilybelleDispName|1|2
Aaren|Prober|Aaren.Prober@gmail.com|ASDghi5671@cvnM|1928-08-13|Aaren.ProberDispName|1|2
Raina|Sadowski|Raina.Sadowski@gmail.com|ASDghi5671@cvnM|1941-07-30|Raina.SadowskiDispName|1|1
Ninnetta|Infield|Ninnetta.Infield@gmail.com|ASDghi5671@cvnM|1986-10-09|Ninnetta.InfieldDispName|1|2
Frances|Frodi|Frances.Frodi@gmail.com|ASDghi5671@cvnM|1960-03-27|Frances.FrodiDispName|1|2
Vinita|Rese|Vinita.Rese@gmail.com|ASDghi5671@cvnM|2014-06-09|Vinita.ReseDispName|1|2
Theodora|Persse|Theodora.Persse@gmail.com|ASDghi5671@cvnM|1923-12-08|Theodora.PersseDispName|1|1
Jordan|Shuler|Jordan.Shuler@gmail.com|ASDghi5671@cvnM|1915-07-16|Jordan.ShulerDispName|1|2
Lisette|Baylor|Lisette.Baylor@gmail.com|ASDghi5671@cvnM|1925-02-20|Lisette.BaylorDispName|1|1
Claresta|Strephon|Claresta.Strephon@gmail.com|ASDghi5671@cvnM|1995-03-29|Claresta.StrephonDispName|1|2
Nannie|Newell|Nannie.Newell@gmail.com|ASDghi5671@cvnM|1979-02-20|Nannie.NewellDispName|1|2
Lory|Schonfeld|Lory.Schonfeld@gmail.com|ASDghi5671@cvnM|1987-06-28|Lory.SchonfeldDispName|1|1
Priscilla|Hirsch|Priscilla.Hirsch@gmail.com|ASDghi5671@cvnM|1900-01-26|Priscilla.HirschDispName|1|2
Deirdre|Koziara|Deirdre.Koziara@gmail.com|ASDghi5671@cvnM|1932-02-10|Deirdre.KoziaraDispName|1|2
Roseline|Bettine|Roseline.Bettine@gmail.com|ASDghi5671@cvnM|1966-07-27|Roseline.BettineDispName|1|2
Orelia|Ochs|Orelia.Ochs@gmail.com|ASDghi5671@cvnM|1908-12-07|Orelia.OchsDispName|1|1
Darlleen|Calhoun|Darlleen.Calhoun@gmail.com|ASDghi5671@cvnM|1947-05-17|Darlleen.CalhounDispName|1|1
Emelina|Paine|Emelina.Paine@gmail.com|ASDghi5671@cvnM|1938-02-12|Emelina.PaineDispName|1|2
Nannie|Fry|Nannie.Fry@gmail.com|ASDghi5671@cvnM|1901-09-06|Nannie.FryDispName|1|1
Pearline|Seumas|Pearline.Seumas@gmail.com|ASDghi5671@cvnM|1993-12-05|Pearline.SeumasDispName|1|2
Chandra|McLaughlin|Chandra.McLaughlin@gmail.com|ASDghi5671@cvnM|1939-09-17|Chandra.McLaughlinDispName|1|1
Eugine|Abram|Eugine.Abram@gmail.com|ASDghi5671@cvnM|1982-04-22|Eugine.AbramDispName|1|1
Kristina|Japeth|Kristina.Japeth@gmail.com|ASDghi5671@cvnM|1997-02-23|Kristina.JapethDispName|1|1
Luci|Rolf|Luci.Rolf@gmail.com|ASDghi5671@cvnM|1928-02-20|Luci.RolfDispName|1|2
Jessy|Joli|Jessy.Joli@gmail.com|ASDghi5671@cvnM|1949-02-15|Jessy.JoliDispName|1|1
Althea|Kenney|Althea.Kenney@gmail.com|ASDghi5671@cvnM|1954-01-28|Althea.KenneyDispName|1|1
Marita|Rubie|Marita.Rubie@gmail.com|ASDghi5671@cvnM|2005-10-11|Marita.RubieDispName|1|1
Kalina|Yoko|Kalina.Yoko@gmail.com|ASDghi5671@cvnM|1906-08-02|Kalina.YokoDispName|1|2
Barbara|Rebecka|Barbara.Rebecka@gmail.com|ASDghi5671@cvnM|1931-07-29|Barbara.RebeckaDispName|1|2
Vanessa|Adrienne|Vanessa.Adrienne@gmail.com|ASDghi5671@cvnM|1946-05-19|Vanessa.AdrienneDispName|1|1
Calla|Roche|Calla.Roche@gmail.com|ASDghi5671@cvnM|1997-02-28|Calla.RocheDispName|1|2
Agnese|Cosenza|Agnese.Cosenza@gmail.com|ASDghi5671@cvnM|1987-11-26|Agnese.CosenzaDispName|1|2
Ottilie|Salvidor|Ottilie.Salvidor@gmail.com|ASDghi5671@cvnM|1975-07-05|Ottilie.SalvidorDispName|1|1
Judy|Edvard|Judy.Edvard@gmail.com|ASDghi5671@cvnM|2016-11-19|Judy.EdvardDispName|1|2
Wynne|Percy|Wynne.Percy@gmail.com|ASDghi5671@cvnM|1944-09-21|Wynne.PercyDispName|1|1
Beverley|Riordan|Beverley.Riordan@gmail.com|ASDghi5671@cvnM|1906-08-27|Beverley.RiordanDispName|1|2
Dorothy|Westphal|Dorothy.Westphal@gmail.com|ASDghi5671@cvnM|2005-06-20|Dorothy.WestphalDispName|1|1
Misha|Truc|Misha.Truc@gmail.com|ASDghi5671@cvnM|2018-04-26|Misha.TrucDispName|1|1
Karlee|Hylan|Karlee.Hylan@gmail.com|ASDghi5671@cvnM|1985-10-10|Karlee.HylanDispName|1|2
Jean|Tound|Jean.Tound@gmail.com|ASDghi5671@cvnM|1944-11-19|Jean.ToundDispName|1|1
Luci|Edee|Luci.Edee@gmail.com|ASDghi5671@cvnM|1954-03-06|Luci.EdeeDispName|1|2
Carlie|Raychel|Carlie.Raychel@gmail.com|ASDghi5671@cvnM|1954-12-12|Carlie.RaychelDispName|1|1
Amii|Noam|Amii.Noam@gmail.com|ASDghi5671@cvnM|2011-12-12|Amii.NoamDispName|1|1
Di|Wyn|Di.Wyn@gmail.com|ASDghi5671@cvnM|1924-11-22|Di.WynDispName|1|1
Keelia|Martguerita|Keelia.Martguerita@gmail.com|ASDghi5671@cvnM|1989-02-11|Keelia.MartgueritaDispName|1|1
Donetta|Rad|Donetta.Rad@gmail.com|ASDghi5671@cvnM|1925-04-10|Donetta.RadDispName|1|2
Rani|Freddi|Rani.Freddi@gmail.com|ASDghi5671@cvnM|1948-11-08|Rani.FreddiDispName|1|1
Georgetta|Georgy|Georgetta.Georgy@gmail.com|ASDghi5671@cvnM|1943-06-16|Georgetta.GeorgyDispName|1|1
Chloris|Cornelia|Chloris.Cornelia@gmail.com|ASDghi5671@cvnM|1966-03-21|Chloris.CorneliaDispName|1|1
Alyda|Liebermann|Alyda.Liebermann@gmail.com|ASDghi5671@cvnM|1971-01-09|Alyda.LiebermannDispName|1|2
Olivette|Rugen|Olivette.Rugen@gmail.com|ASDghi5671@cvnM|1982-12-24|Olivette.RugenDispName|1|2
Addia|McAdams|Addia.McAdams@gmail.com|ASDghi5671@cvnM|1951-07-16|Addia.McAdamsDispName|1|2
Jordan|Afton|Jordan.Afton@gmail.com|ASDghi5671@cvnM|1992-07-27|Jordan.AftonDispName|1|1
Gabi|Mallon|Gabi.Mallon@gmail.com|ASDghi5671@cvnM|1959-02-06|Gabi.MallonDispName|1|1
Mureil|Camden|Mureil.Camden@gmail.com|ASDghi5671@cvnM|1998-06-02|Mureil.CamdenDispName|1|2
Etta|Cleo|Etta.Cleo@gmail.com|ASDghi5671@cvnM|1943-05-28|Etta.CleoDispName|1|1
Codie|Marijo|Codie.Marijo@gmail.com|ASDghi5671@cvnM|2012-06-11|Codie.MarijoDispName|1|1
Oralee|Rese|Oralee.Rese@gmail.com|ASDghi5671@cvnM|1929-05-18|Oralee.ReseDispName|1|1
Lucille|Krystle|Lucille.Krystle@gmail.com|ASDghi5671@cvnM|1927-07-24|Lucille.KrystleDispName|1|1
Janey|Paine|Janey.Paine@gmail.com|ASDghi5671@cvnM|1914-04-20|Janey.PaineDispName|1|2
Anthia|Abbot|Anthia.Abbot@gmail.com|ASDghi5671@cvnM|1982-09-04|Anthia.AbbotDispName|1|1
Marika|Anyah|Marika.Anyah@gmail.com|ASDghi5671@cvnM|1932-01-26|Marika.AnyahDispName|1|1
Mildrid|Pettiford|Mildrid.Pettiford@gmail.com|ASDghi5671@cvnM|1950-11-16|Mildrid.PettifordDispName|1|1
Ketti|Ellerey|Ketti.Ellerey@gmail.com|ASDghi5671@cvnM|1967-12-04|Ketti.EllereyDispName|1|1
Kaja|Taam|Kaja.Taam@gmail.com|ASDghi5671@cvnM|1906-10-16|Kaja.TaamDispName|1|2
Bee|Wooster|Bee.Wooster@gmail.com|ASDghi5671@cvnM|2016-04-09|Bee.WoosterDispName|1|1
Jaime|Esmaria|Jaime.Esmaria@gmail.com|ASDghi5671@cvnM|1909-11-01|Jaime.EsmariaDispName|1|1
Heida|Hepsibah|Heida.Hepsibah@gmail.com|ASDghi5671@cvnM|1925-02-10|Heida.HepsibahDispName|1|1
Vevay|Nedrud|Vevay.Nedrud@gmail.com|ASDghi5671@cvnM|1904-11-24|Vevay.NedrudDispName|1|1
Florencia|Jagir|Florencia.Jagir@gmail.com|ASDghi5671@cvnM|1982-02-20|Florencia.JagirDispName|1|2
Kristina|Amethist|Kristina.Amethist@gmail.com|ASDghi5671@cvnM|1955-02-08|Kristina.AmethistDispName|1|2
Ursulina|Brodench|Ursulina.Brodench@gmail.com|ASDghi5671@cvnM|1985-07-22|Ursulina.BrodenchDispName|1|1
Nicoli|Calhoun|Nicoli.Calhoun@gmail.com|ASDghi5671@cvnM|1934-02-23|Nicoli.CalhounDispName|1|2
Letizia|Chapland|Letizia.Chapland@gmail.com|ASDghi5671@cvnM|2018-03-24|Letizia.ChaplandDispName|1|2
Sandie|Lay|Sandie.Lay@gmail.com|ASDghi5671@cvnM|1974-07-04|Sandie.LayDispName|1|2
Abbie|Oster|Abbie.Oster@gmail.com|ASDghi5671@cvnM|1986-01-03|Abbie.OsterDispName|1|2
Korrie|Cohdwell|Korrie.Cohdwell@gmail.com|ASDghi5671@cvnM|1923-05-07|Korrie.CohdwellDispName|1|2
Liana|Constancy|Liana.Constancy@gmail.com|ASDghi5671@cvnM|1950-07-17|Liana.ConstancyDispName|1|2
Gisela|Elvyn|Gisela.Elvyn@gmail.com|ASDghi5671@cvnM|1940-01-29|Gisela.ElvynDispName|1|2
Annora|Sadowski|Annora.Sadowski@gmail.com|ASDghi5671@cvnM|1927-04-27|Annora.SadowskiDispName|1|1
Emmey|Tice|Emmey.Tice@gmail.com|ASDghi5671@cvnM|1941-05-12|Emmey.TiceDispName|1|2
Kerrin|Lory|Kerrin.Lory@gmail.com|ASDghi5671@cvnM|1971-04-28|Kerrin.LoryDispName|1|1
Lorie|Elisha|Lorie.Elisha@gmail.com|ASDghi5671@cvnM|1937-01-27|Lorie.ElishaDispName|1|1
Bill|Charmine|Bill.Charmine@gmail.com|ASDghi5671@cvnM|2019-02-05|Bill.CharmineDispName|1|1
Camile|Vorster|Camile.Vorster@gmail.com|ASDghi5671@cvnM|1954-01-22|Camile.VorsterDispName|1|2
Kelly|Tiffa|Kelly.Tiffa@gmail.com|ASDghi5671@cvnM|1994-07-09|Kelly.TiffaDispName|1|1
Doro|Stoller|Doro.Stoller@gmail.com|ASDghi5671@cvnM|2005-01-29|Doro.StollerDispName|1|2
Flo|Thad|Flo.Thad@gmail.com|ASDghi5671@cvnM|1950-06-04|Flo.ThadDispName|1|2
Ana|Wittie|Ana.Wittie@gmail.com|ASDghi5671@cvnM|1900-05-05|Ana.WittieDispName|1|2
Phedra|Wooster|Phedra.Wooster@gmail.com|ASDghi5671@cvnM|1936-05-06|Phedra.WoosterDispName|1|1
Dacia|O'Rourke|Dacia.O'Rourke@gmail.com|ASDghi5671@cvnM|1929-01-14|Dacia.O'RourkeDispName|1|2
Kristan|Zitvaa|Kristan.Zitvaa@gmail.com|ASDghi5671@cvnM|1961-03-13|Kristan.ZitvaaDispName|1|1
Kaja|Gerge|Kaja.Gerge@gmail.com|ASDghi5671@cvnM|1987-11-11|Kaja.GergeDispName|1|1
Theodora|Alcott|Theodora.Alcott@gmail.com|ASDghi5671@cvnM|1963-12-02|Theodora.AlcottDispName|1|1
Frances|Anton|Frances.Anton@gmail.com|ASDghi5671@cvnM|1939-10-04|Frances.AntonDispName|1|1
Max|Macey|Max.Macey@gmail.com|ASDghi5671@cvnM|1954-09-13|Max.MaceyDispName|1|1
Mariann|Philoo|Mariann.Philoo@gmail.com|ASDghi5671@cvnM|1913-07-07|Mariann.PhilooDispName|1|2
Maridel|Ophelia|Maridel.Ophelia@gmail.com|ASDghi5671@cvnM|1901-10-06|Maridel.OpheliaDispName|1|2
Vonny|Suzetta|Vonny.Suzetta@gmail.com|ASDghi5671@cvnM|1926-02-21|Vonny.SuzettaDispName|1|1
Kary|Thunell|Kary.Thunell@gmail.com|ASDghi5671@cvnM|1994-05-23|Kary.ThunellDispName|1|2
Basia|Tound|Basia.Tound@gmail.com|ASDghi5671@cvnM|1978-04-19|Basia.ToundDispName|1|1
Kamilah|Ball|Kamilah.Ball@gmail.com|ASDghi5671@cvnM|1934-12-17|Kamilah.BallDispName|1|2
Iseabal|Parette|Iseabal.Parette@gmail.com|ASDghi5671@cvnM|2007-10-21|Iseabal.ParetteDispName|1|1
Lizzie|Cloris|Lizzie.Cloris@gmail.com|ASDghi5671@cvnM|1900-11-05|Lizzie.ClorisDispName|1|2
Maridel|Dearborn|Maridel.Dearborn@gmail.com|ASDghi5671@cvnM|1998-11-29|Maridel.DearbornDispName|1|1
Blondelle|Anestassia|Blondelle.Anestassia@gmail.com|ASDghi5671@cvnM|1916-02-05|Blondelle.AnestassiaDispName|1|2
Barbi|Cordi|Barbi.Cordi@gmail.com|ASDghi5671@cvnM|2003-10-03|Barbi.CordiDispName|1|1
Justinn|Urias|Justinn.Urias@gmail.com|ASDghi5671@cvnM|1997-04-30|Justinn.UriasDispName|1|2
Roz|Neva|Roz.Neva@gmail.com|ASDghi5671@cvnM|1908-03-01|Roz.NevaDispName|1|1
Paulita|Birdella|Paulita.Birdella@gmail.com|ASDghi5671@cvnM|2005-04-22|Paulita.BirdellaDispName|1|2
Danika|Silvan|Danika.Silvan@gmail.com|ASDghi5671@cvnM|1999-08-16|Danika.SilvanDispName|1|2
Beverley|Uird|Beverley.Uird@gmail.com|ASDghi5671@cvnM|1944-03-16|Beverley.UirdDispName|1|1
Karly|Simmonds|Karly.Simmonds@gmail.com|ASDghi5671@cvnM|1983-01-16|Karly.SimmondsDispName|1|2
Imojean|Tice|Imojean.Tice@gmail.com|ASDghi5671@cvnM|1959-06-18|Imojean.TiceDispName|1|1
Janey|Shaver|Janey.Shaver@gmail.com|ASDghi5671@cvnM|1992-10-12|Janey.ShaverDispName|1|2
Monika|Lindemann|Monika.Lindemann@gmail.com|ASDghi5671@cvnM|2018-05-09|Monika.LindemannDispName|1|2
Vita|Goldina|Vita.Goldina@gmail.com|ASDghi5671@cvnM|1953-11-13|Vita.GoldinaDispName|1|1
Oralee|Eno|Oralee.Eno@gmail.com|ASDghi5671@cvnM|1972-10-11|Oralee.EnoDispName|1|2
Nataline|Cath|Nataline.Cath@gmail.com|ASDghi5671@cvnM|1938-03-05|Nataline.CathDispName|1|1
Nariko|Ursulette|Nariko.Ursulette@gmail.com|ASDghi5671@cvnM|1902-02-25|Nariko.UrsuletteDispName|1|2
Chrystel|Jotham|Chrystel.Jotham@gmail.com|ASDghi5671@cvnM|1985-05-09|Chrystel.JothamDispName|1|1
Doro|McLaughlin|Doro.McLaughlin@gmail.com|ASDghi5671@cvnM|1912-07-26|Doro.McLaughlinDispName|1|1
Susan|Talia|Susan.Talia@gmail.com|ASDghi5671@cvnM|1925-06-01|Susan.TaliaDispName|1|1
Joelly|Amasa|Joelly.Amasa@gmail.com|ASDghi5671@cvnM|1958-02-06|Joelly.AmasaDispName|1|2
Gilligan|Arley|Gilligan.Arley@gmail.com|ASDghi5671@cvnM|1928-07-27|Gilligan.ArleyDispName|1|1
Priscilla|Ophelia|Priscilla.Ophelia@gmail.com|ASDghi5671@cvnM|1984-05-15|Priscilla.OpheliaDispName|1|1
Hettie|Nerita|Hettie.Nerita@gmail.com|ASDghi5671@cvnM|1902-12-20|Hettie.NeritaDispName|1|1
Kara-Lynn|Cherianne|Kara-Lynn.Cherianne@gmail.com|ASDghi5671@cvnM|1973-01-02|Kara-Lynn.CherianneDispName|1|2
Allyce|Lane|Allyce.Lane@gmail.com|ASDghi5671@cvnM|1914-12-19|Allyce.LaneDispName|1|1
Kathi|Campball|Kathi.Campball@gmail.com|ASDghi5671@cvnM|1938-07-29|Kathi.CampballDispName|1|1
Almeta|Avi|Almeta.Avi@gmail.com|ASDghi5671@cvnM|1943-03-29|Almeta.AviDispName|1|2
Fayre|Arne|Fayre.Arne@gmail.com|ASDghi5671@cvnM|1963-03-30|Fayre.ArneDispName|1|2
Lynea|Breed|Lynea.Breed@gmail.com|ASDghi5671@cvnM|1963-07-16|Lynea.BreedDispName|1|1
Allyce|Talia|Allyce.Talia@gmail.com|ASDghi5671@cvnM|1972-08-06|Allyce.TaliaDispName|1|2
Gloria|Waite|Gloria.Waite@gmail.com|ASDghi5671@cvnM|1966-01-07|Gloria.WaiteDispName|1|2
Wanda|Ader|Wanda.Ader@gmail.com|ASDghi5671@cvnM|1903-12-10|Wanda.AderDispName|1|1
Stacey|Iphlgenia|Stacey.Iphlgenia@gmail.com|ASDghi5671@cvnM|2009-12-21|Stacey.IphlgeniaDispName|1|2
Wendi|Sadowski|Wendi.Sadowski@gmail.com|ASDghi5671@cvnM|1956-09-02|Wendi.SadowskiDispName|1|1
Cristabel|Rugen|Cristabel.Rugen@gmail.com|ASDghi5671@cvnM|1974-01-22|Cristabel.RugenDispName|1|2
Ira|Halla|Ira.Halla@gmail.com|ASDghi5671@cvnM|2008-12-09|Ira.HallaDispName|1|1
Jsandye|Emmy|Jsandye.Emmy@gmail.com|ASDghi5671@cvnM|1962-05-08|Jsandye.EmmyDispName|1|2
Siana|Rubie|Siana.Rubie@gmail.com|ASDghi5671@cvnM|1935-03-03|Siana.RubieDispName|1|2
Genovera|August|Genovera.August@gmail.com|ASDghi5671@cvnM|1959-09-05|Genovera.AugustDispName|1|1
Moyna|Fiann|Moyna.Fiann@gmail.com|ASDghi5671@cvnM|1908-09-19|Moyna.FiannDispName|1|2
Tami|Sherfield|Tami.Sherfield@gmail.com|ASDghi5671@cvnM|1990-12-29|Tami.SherfieldDispName|1|2
Nelle|Charmine|Nelle.Charmine@gmail.com|ASDghi5671@cvnM|1985-08-10|Nelle.CharmineDispName|1|2
Daryl|Tannie|Daryl.Tannie@gmail.com|ASDghi5671@cvnM|1985-11-30|Daryl.TannieDispName|1|1
Beverley|Margarete|Beverley.Margarete@gmail.com|ASDghi5671@cvnM|1986-04-01|Beverley.MargareteDispName|1|2
Miquela|Gower|Miquela.Gower@gmail.com|ASDghi5671@cvnM|1933-07-12|Miquela.GowerDispName|1|1
Lorne|Klemperer|Lorne.Klemperer@gmail.com|ASDghi5671@cvnM|1933-09-10|Lorne.KlempererDispName|1|2
Bernie|Barbey|Bernie.Barbey@gmail.com|ASDghi5671@cvnM|1960-09-03|Bernie.BarbeyDispName|1|2
Cyndie|Judye|Cyndie.Judye@gmail.com|ASDghi5671@cvnM|1949-12-24|Cyndie.JudyeDispName|1|1
Ingrid|Corilla|Ingrid.Corilla@gmail.com|ASDghi5671@cvnM|2002-03-20|Ingrid.CorillaDispName|1|1
Brietta|Whittaker|Brietta.Whittaker@gmail.com|ASDghi5671@cvnM|1964-07-02|Brietta.WhittakerDispName|1|2
Consuela|Jary|Consuela.Jary@gmail.com|ASDghi5671@cvnM|1952-03-29|Consuela.JaryDispName|1|2
Cam|Louanna|Cam.Louanna@gmail.com|ASDghi5671@cvnM|1917-11-15|Cam.LouannaDispName|1|1
Romona|Noman|Romona.Noman@gmail.com|ASDghi5671@cvnM|1921-11-06|Romona.NomanDispName|1|1
Pierette|Olnee|Pierette.Olnee@gmail.com|ASDghi5671@cvnM|1943-03-28|Pierette.OlneeDispName|1|2
Kore|Deegan|Kore.Deegan@gmail.com|ASDghi5671@cvnM|1928-06-27|Kore.DeeganDispName|1|2
Alleen|Cherianne|Alleen.Cherianne@gmail.com|ASDghi5671@cvnM|1963-09-01|Alleen.CherianneDispName|1|2
Karina|Stevy|Karina.Stevy@gmail.com|ASDghi5671@cvnM|1933-10-24|Karina.StevyDispName|1|1
Evaleen|Roumell|Evaleen.Roumell@gmail.com|ASDghi5671@cvnM|2018-06-23|Evaleen.RoumellDispName|1|1
Celene|Callista|Celene.Callista@gmail.com|ASDghi5671@cvnM|2004-01-21|Celene.CallistaDispName|1|1
Rubie|Jacqui|Rubie.Jacqui@gmail.com|ASDghi5671@cvnM|1975-04-09|Rubie.JacquiDispName|1|1
Ronna|Monaco|Ronna.Monaco@gmail.com|ASDghi5671@cvnM|1991-08-23|Ronna.MonacoDispName|1|2
Constance|Joseph|Constance.Joseph@gmail.com|ASDghi5671@cvnM|1988-11-18|Constance.JosephDispName|1|1
Meg|McClimans|Meg.McClimans@gmail.com|ASDghi5671@cvnM|1946-05-29|Meg.McClimansDispName|1|1
Priscilla|Mathilde|Priscilla.Mathilde@gmail.com|ASDghi5671@cvnM|1917-03-23|Priscilla.MathildeDispName|1|1
Kathy|Ventre|Kathy.Ventre@gmail.com|ASDghi5671@cvnM|2006-06-08|Kathy.VentreDispName|1|2
Sidoney|Meli|Sidoney.Meli@gmail.com|ASDghi5671@cvnM|1959-07-07|Sidoney.MeliDispName|1|2
Korrie|Teryn|Korrie.Teryn@gmail.com|ASDghi5671@cvnM|1981-07-09|Korrie.TerynDispName|1|2
Dari|Curren|Dari.Curren@gmail.com|ASDghi5671@cvnM|1991-06-05|Dari.CurrenDispName|1|2
Queenie|Pip|Queenie.Pip@gmail.com|ASDghi5671@cvnM|1958-11-17|Queenie.PipDispName|1|2
Sybille|Ranjiv|Sybille.Ranjiv@gmail.com|ASDghi5671@cvnM|1987-08-02|Sybille.RanjivDispName|1|2
Lanna|Stevy|Lanna.Stevy@gmail.com|ASDghi5671@cvnM|1920-10-01|Lanna.StevyDispName|1|1
Cassandra|Fancie|Cassandra.Fancie@gmail.com|ASDghi5671@cvnM|1975-07-23|Cassandra.FancieDispName|1|2
Louella|Rossner|Louella.Rossner@gmail.com|ASDghi5671@cvnM|1978-02-15|Louella.RossnerDispName|1|1
Therine|Corabella|Therine.Corabella@gmail.com|ASDghi5671@cvnM|1902-05-10|Therine.CorabellaDispName|1|2
Jaime|Laverne|Jaime.Laverne@gmail.com|ASDghi5671@cvnM|1906-09-20|Jaime.LaverneDispName|1|2
Winny|Dosia|Winny.Dosia@gmail.com|ASDghi5671@cvnM|1962-08-03|Winny.DosiaDispName|1|2
Gilda|Anselmi|Gilda.Anselmi@gmail.com|ASDghi5671@cvnM|1921-07-25|Gilda.AnselmiDispName|1|2
Shandie|Bluh|Shandie.Bluh@gmail.com|ASDghi5671@cvnM|1954-07-03|Shandie.BluhDispName|1|1
Wilma|Lubin|Wilma.Lubin@gmail.com|ASDghi5671@cvnM|2018-05-23|Wilma.LubinDispName|1|1
Reeba|Sherfield|Reeba.Sherfield@gmail.com|ASDghi5671@cvnM|1953-06-17|Reeba.SherfieldDispName|1|1
Xylina|Ellord|Xylina.Ellord@gmail.com|ASDghi5671@cvnM|1941-02-06|Xylina.EllordDispName|1|1
Rosabelle|Slifka|Rosabelle.Slifka@gmail.com|ASDghi5671@cvnM|1921-07-02|Rosabelle.SlifkaDispName|1|1
Marjie|Durante|Marjie.Durante@gmail.com|ASDghi5671@cvnM|1924-06-25|Marjie.DuranteDispName|1|1
Lynnea|Korey|Lynnea.Korey@gmail.com|ASDghi5671@cvnM|1937-04-13|Lynnea.KoreyDispName|1|1
Corina|Cassius|Corina.Cassius@gmail.com|ASDghi5671@cvnM|2017-06-06|Corina.CassiusDispName|1|1
Marnia|Rocray|Marnia.Rocray@gmail.com|ASDghi5671@cvnM|1978-06-23|Marnia.RocrayDispName|1|1
Trixi|Korey|Trixi.Korey@gmail.com|ASDghi5671@cvnM|1904-02-21|Trixi.KoreyDispName|1|1
Beatriz|Dudley|Beatriz.Dudley@gmail.com|ASDghi5671@cvnM|1915-07-26|Beatriz.DudleyDispName|1|1
Mady|Hessler|Mady.Hessler@gmail.com|ASDghi5671@cvnM|1937-06-29|Mady.HesslerDispName|1|1
Andeee|Noam|Andeee.Noam@gmail.com|ASDghi5671@cvnM|1920-04-15|Andeee.NoamDispName|1|1
Ayn|Lane|Ayn.Lane@gmail.com|ASDghi5671@cvnM|1989-01-01|Ayn.LaneDispName|1|2
Aurelie|Jacinda|Aurelie.Jacinda@gmail.com|ASDghi5671@cvnM|1948-01-07|Aurelie.JacindaDispName|1|1
Bill|Jethro|Bill.Jethro@gmail.com|ASDghi5671@cvnM|1987-07-28|Bill.JethroDispName|1|1
Althea|Warthman|Althea.Warthman@gmail.com|ASDghi5671@cvnM|1944-04-03|Althea.WarthmanDispName|1|2
Blinni|Mauer|Blinni.Mauer@gmail.com|ASDghi5671@cvnM|1944-08-20|Blinni.MauerDispName|1|1
Sean|Lenny|Sean.Lenny@gmail.com|ASDghi5671@cvnM|1993-08-14|Sean.LennyDispName|1|2
Sherrie|Sharl|Sherrie.Sharl@gmail.com|ASDghi5671@cvnM|1960-09-16|Sherrie.SharlDispName|1|2
Tilly|Therine|Tilly.Therine@gmail.com|ASDghi5671@cvnM|1918-03-09|Tilly.TherineDispName|1|1
Emma|Schenck|Emma.Schenck@gmail.com|ASDghi5671@cvnM|1963-05-24|Emma.SchenckDispName|1|2
Aurore|Erich|Aurore.Erich@gmail.com|ASDghi5671@cvnM|1956-06-09|Aurore.ErichDispName|1|1
Damaris|Bennie|Damaris.Bennie@gmail.com|ASDghi5671@cvnM|1995-06-03|Damaris.BennieDispName|1|1
Gwyneth|Sherrie|Gwyneth.Sherrie@gmail.com|ASDghi5671@cvnM|1993-07-13|Gwyneth.SherrieDispName|1|2
Christy|Jehu|Christy.Jehu@gmail.com|ASDghi5671@cvnM|1935-08-22|Christy.JehuDispName|1|1
Nelle|Prouty|Nelle.Prouty@gmail.com|ASDghi5671@cvnM|2004-07-30|Nelle.ProutyDispName|1|1
Orelia|Lea|Orelia.Lea@gmail.com|ASDghi5671@cvnM|1995-07-08|Orelia.LeaDispName|1|1
Jacenta|Nickola|Jacenta.Nickola@gmail.com|ASDghi5671@cvnM|2011-10-02|Jacenta.NickolaDispName|1|1
Sadie|Berard|Sadie.Berard@gmail.com|ASDghi5671@cvnM|1975-08-13|Sadie.BerardDispName|1|2
Kenna|Autrey|Kenna.Autrey@gmail.com|ASDghi5671@cvnM|1931-09-05|Kenna.AutreyDispName|1|2
Candy|McLaughlin|Candy.McLaughlin@gmail.com|ASDghi5671@cvnM|1900-08-07|Candy.McLaughlinDispName|1|1
Annaliese|Tryck|Annaliese.Tryck@gmail.com|ASDghi5671@cvnM|1978-11-08|Annaliese.TryckDispName|1|1
Ada|Lumbard|Ada.Lumbard@gmail.com|ASDghi5671@cvnM|1907-02-05|Ada.LumbardDispName|1|1
Shaine|Alexandr|Shaine.Alexandr@gmail.com|ASDghi5671@cvnM|1957-06-10|Shaine.AlexandrDispName|1|2
Kary|Reinke|Kary.Reinke@gmail.com|ASDghi5671@cvnM|1964-06-03|Kary.ReinkeDispName|1|1
Sara-Ann|Carri|Sara-Ann.Carri@gmail.com|ASDghi5671@cvnM|1928-07-19|Sara-Ann.CarriDispName|1|2
Fernande|Craggie|Fernande.Craggie@gmail.com|ASDghi5671@cvnM|1903-06-23|Fernande.CraggieDispName|1|2
Janis|Tryck|Janis.Tryck@gmail.com|ASDghi5671@cvnM|1984-03-18|Janis.TryckDispName|1|2
Sashenka|Chapland|Sashenka.Chapland@gmail.com|ASDghi5671@cvnM|1998-10-17|Sashenka.ChaplandDispName|1|1
Wilma|Elbertina|Wilma.Elbertina@gmail.com|ASDghi5671@cvnM|1958-09-28|Wilma.ElbertinaDispName|1|1
Esmeralda|Bethany|Esmeralda.Bethany@gmail.com|ASDghi5671@cvnM|2001-08-17|Esmeralda.BethanyDispName|1|2
Caryl|Alarise|Caryl.Alarise@gmail.com|ASDghi5671@cvnM|2006-08-06|Caryl.AlariseDispName|1|1
Livvyy|Gert|Livvyy.Gert@gmail.com|ASDghi5671@cvnM|1903-05-21|Livvyy.GertDispName|1|1
Genovera|Rurik|Genovera.Rurik@gmail.com|ASDghi5671@cvnM|2016-06-06|Genovera.RurikDispName|1|2
Selia|Chaing|Selia.Chaing@gmail.com|ASDghi5671@cvnM|1990-01-26|Selia.ChaingDispName|1|1
Concettina|Erskine|Concettina.Erskine@gmail.com|ASDghi5671@cvnM|1950-09-05|Concettina.ErskineDispName|1|1
Carree|Peti|Carree.Peti@gmail.com|ASDghi5671@cvnM|1935-10-03|Carree.PetiDispName|1|1
Maryellen|Bibi|Maryellen.Bibi@gmail.com|ASDghi5671@cvnM|1908-02-09|Maryellen.BibiDispName|1|2
Bertine|Belanger|Bertine.Belanger@gmail.com|ASDghi5671@cvnM|1901-09-29|Bertine.BelangerDispName|1|2
Candi|Maryanne|Candi.Maryanne@gmail.com|ASDghi5671@cvnM|2001-02-03|Candi.MaryanneDispName|1|2
Neila|Brackely|Neila.Brackely@gmail.com|ASDghi5671@cvnM|1907-11-07|Neila.BrackelyDispName|1|1
Sam|Tufts|Sam.Tufts@gmail.com|ASDghi5671@cvnM|1957-05-03|Sam.TuftsDispName|1|2
Lauryn|Sacken|Lauryn.Sacken@gmail.com|ASDghi5671@cvnM|1983-09-20|Lauryn.SackenDispName|1|1
Albertina|Evvie|Albertina.Evvie@gmail.com|ASDghi5671@cvnM|2012-02-26|Albertina.EvvieDispName|1|1
Diena|Diann|Diena.Diann@gmail.com|ASDghi5671@cvnM|1993-02-01|Diena.DiannDispName|1|2
Eadie|Verger|Eadie.Verger@gmail.com|ASDghi5671@cvnM|1961-09-09|Eadie.VergerDispName|1|1
Hildegaard|Burkle|Hildegaard.Burkle@gmail.com|ASDghi5671@cvnM|1999-11-28|Hildegaard.BurkleDispName|1|2
Nyssa|Leopold|Nyssa.Leopold@gmail.com|ASDghi5671@cvnM|1969-09-26|Nyssa.LeopoldDispName|1|1
Vonny|Atcliffe|Vonny.Atcliffe@gmail.com|ASDghi5671@cvnM|1979-07-29|Vonny.AtcliffeDispName|1|2
Dode|Hedve|Dode.Hedve@gmail.com|ASDghi5671@cvnM|1907-09-07|Dode.HedveDispName|1|2
Tamqrah|Sandye|Tamqrah.Sandye@gmail.com|ASDghi5671@cvnM|1934-03-16|Tamqrah.SandyeDispName|1|2
Alexine|Eno|Alexine.Eno@gmail.com|ASDghi5671@cvnM|1936-09-02|Alexine.EnoDispName|1|2
Linet|Bakerman|Linet.Bakerman@gmail.com|ASDghi5671@cvnM|1905-08-21|Linet.BakermanDispName|1|2
Allyce|Ailyn|Allyce.Ailyn@gmail.com|ASDghi5671@cvnM|1991-06-13|Allyce.AilynDispName|1|1
Millie|Brandice|Millie.Brandice@gmail.com|ASDghi5671@cvnM|1987-05-19|Millie.BrandiceDispName|1|1
Lizzie|Leffen|Lizzie.Leffen@gmail.com|ASDghi5671@cvnM|1910-02-13|Lizzie.LeffenDispName|1|2
Cindelyn|Hollingsworth|Cindelyn.Hollingsworth@gmail.com|ASDghi5671@cvnM|1914-03-11|Cindelyn.HollingsworthDispName|1|2
Chloris|Guthrie|Chloris.Guthrie@gmail.com|ASDghi5671@cvnM|2011-07-28|Chloris.GuthrieDispName|1|1
Charlena|Berl|Charlena.Berl@gmail.com|ASDghi5671@cvnM|1957-01-13|Charlena.BerlDispName|1|1
Cindelyn|Grimbly|Cindelyn.Grimbly@gmail.com|ASDghi5671@cvnM|1970-03-31|Cindelyn.GrimblyDispName|1|2
Talya|Corilla|Talya.Corilla@gmail.com|ASDghi5671@cvnM|1926-07-19|Talya.CorillaDispName|1|2
Fina|Stefa|Fina.Stefa@gmail.com|ASDghi5671@cvnM|1924-09-09|Fina.StefaDispName|1|1
Sheree|Merriott|Sheree.Merriott@gmail.com|ASDghi5671@cvnM|1957-05-10|Sheree.MerriottDispName|1|1
Viki|Mike|Viki.Mike@gmail.com|ASDghi5671@cvnM|1985-05-20|Viki.MikeDispName|1|2
Gabriellia|Felecia|Gabriellia.Felecia@gmail.com|ASDghi5671@cvnM|1958-08-15|Gabriellia.FeleciaDispName|1|2
Anallese|Tybald|Anallese.Tybald@gmail.com|ASDghi5671@cvnM|1989-06-19|Anallese.TybaldDispName|1|1
Gerrie|Tannie|Gerrie.Tannie@gmail.com|ASDghi5671@cvnM|1956-08-26|Gerrie.TannieDispName|1|1
Briney|Arathorn|Briney.Arathorn@gmail.com|ASDghi5671@cvnM|1924-11-12|Briney.ArathornDispName|1|2
Corry|Dearborn|Corry.Dearborn@gmail.com|ASDghi5671@cvnM|1911-09-07|Corry.DearbornDispName|1|2
Dolli|Jillane|Dolli.Jillane@gmail.com|ASDghi5671@cvnM|1987-07-26|Dolli.JillaneDispName|1|2
Tina|Strephon|Tina.Strephon@gmail.com|ASDghi5671@cvnM|1950-08-14|Tina.StrephonDispName|1|1
Dawn|Zamora|Dawn.Zamora@gmail.com|ASDghi5671@cvnM|1940-06-17|Dawn.ZamoraDispName|1|1
Andeee|Loring|Andeee.Loring@gmail.com|ASDghi5671@cvnM|1953-05-29|Andeee.LoringDispName|1|1
Tani|Adalbert|Tani.Adalbert@gmail.com|ASDghi5671@cvnM|1956-05-25|Tani.AdalbertDispName|1|1
Susan|Elvyn|Susan.Elvyn@gmail.com|ASDghi5671@cvnM|1933-08-25|Susan.ElvynDispName|1|1
Aeriela|Wind|Aeriela.Wind@gmail.com|ASDghi5671@cvnM|2018-03-28|Aeriela.WindDispName|1|1
Chere|Claudine|Chere.Claudine@gmail.com|ASDghi5671@cvnM|1950-05-25|Chere.ClaudineDispName|1|2
Orelia|Briney|Orelia.Briney@gmail.com|ASDghi5671@cvnM|2018-02-11|Orelia.BrineyDispName|1|1
Gilligan|Dorcy|Gilligan.Dorcy@gmail.com|ASDghi5671@cvnM|1923-04-09|Gilligan.DorcyDispName|1|2
Zondra|Anestassia|Zondra.Anestassia@gmail.com|ASDghi5671@cvnM|1954-12-23|Zondra.AnestassiaDispName|1|1
Halette|Eugenia|Halette.Eugenia@gmail.com|ASDghi5671@cvnM|1941-03-01|Halette.EugeniaDispName|1|1
Lucy|Pascia|Lucy.Pascia@gmail.com|ASDghi5671@cvnM|1931-05-04|Lucy.PasciaDispName|1|2
Marjie|Mandler|Marjie.Mandler@gmail.com|ASDghi5671@cvnM|1972-11-13|Marjie.MandlerDispName|1|1
Sheelagh|Raffo|Sheelagh.Raffo@gmail.com|ASDghi5671@cvnM|1912-11-14|Sheelagh.RaffoDispName|1|2
Binny|Kosey|Binny.Kosey@gmail.com|ASDghi5671@cvnM|1962-01-13|Binny.KoseyDispName|1|2
Gilligan|Sacken|Gilligan.Sacken@gmail.com|ASDghi5671@cvnM|1958-10-24|Gilligan.SackenDispName|1|1
Gisela|Camden|Gisela.Camden@gmail.com|ASDghi5671@cvnM|1905-07-20|Gisela.CamdenDispName|1|2
Briney|Bari|Briney.Bari@gmail.com|ASDghi5671@cvnM|1954-06-11|Briney.BariDispName|1|2
Merry|Wallis|Merry.Wallis@gmail.com|ASDghi5671@cvnM|2001-01-16|Merry.WallisDispName|1|2
Tobe|Carleen|Tobe.Carleen@gmail.com|ASDghi5671@cvnM|1947-12-23|Tobe.CarleenDispName|1|2
Daphne|Heisel|Daphne.Heisel@gmail.com|ASDghi5671@cvnM|1948-02-09|Daphne.HeiselDispName|1|1
Kenna|Center|Kenna.Center@gmail.com|ASDghi5671@cvnM|1954-05-23|Kenna.CenterDispName|1|2
Zia|Simmonds|Zia.Simmonds@gmail.com|ASDghi5671@cvnM|1986-02-10|Zia.SimmondsDispName|1|1
Mallory|Dahlia|Mallory.Dahlia@gmail.com|ASDghi5671@cvnM|1904-03-13|Mallory.DahliaDispName|1|2
Brietta|Salvidor|Brietta.Salvidor@gmail.com|ASDghi5671@cvnM|1961-01-03|Brietta.SalvidorDispName|1|1
Dawn|Hanleigh|Dawn.Hanleigh@gmail.com|ASDghi5671@cvnM|1970-11-22|Dawn.HanleighDispName|1|1
Di|Irmine|Di.Irmine@gmail.com|ASDghi5671@cvnM|1942-03-12|Di.IrmineDispName|1|1
Sharlene|Goddard|Sharlene.Goddard@gmail.com|ASDghi5671@cvnM|1976-02-09|Sharlene.GoddardDispName|1|1
Lonnie|Giule|Lonnie.Giule@gmail.com|ASDghi5671@cvnM|2006-03-18|Lonnie.GiuleDispName|1|2
Daune|Tacye|Daune.Tacye@gmail.com|ASDghi5671@cvnM|1975-07-14|Daune.TacyeDispName|1|1
Allis|Yorick|Allis.Yorick@gmail.com|ASDghi5671@cvnM|1968-12-26|Allis.YorickDispName|1|2
Rani|Darbie|Rani.Darbie@gmail.com|ASDghi5671@cvnM|1983-09-05|Rani.DarbieDispName|1|1
Cathyleen|Desai|Cathyleen.Desai@gmail.com|ASDghi5671@cvnM|1924-06-25|Cathyleen.DesaiDispName|1|1
Ashlee|Wenda|Ashlee.Wenda@gmail.com|ASDghi5671@cvnM|1983-03-18|Ashlee.WendaDispName|1|1
Deloria|Mintz|Deloria.Mintz@gmail.com|ASDghi5671@cvnM|1923-07-08|Deloria.MintzDispName|1|2
Dale|Brittani|Dale.Brittani@gmail.com|ASDghi5671@cvnM|1993-08-24|Dale.BrittaniDispName|1|2
Adriana|Tremayne|Adriana.Tremayne@gmail.com|ASDghi5671@cvnM|1953-10-29|Adriana.TremayneDispName|1|2
Damaris|Hutchison|Damaris.Hutchison@gmail.com|ASDghi5671@cvnM|1926-10-17|Damaris.HutchisonDispName|1|1
Lisette|Trinetta|Lisette.Trinetta@gmail.com|ASDghi5671@cvnM|1935-05-19|Lisette.TrinettaDispName|1|2
Fanny|Cavan|Fanny.Cavan@gmail.com|ASDghi5671@cvnM|1961-09-12|Fanny.CavanDispName|1|2
Katharina|Ralfston|Katharina.Ralfston@gmail.com|ASDghi5671@cvnM|1999-04-13|Katharina.RalfstonDispName|1|1
Norine|Lutero|Norine.Lutero@gmail.com|ASDghi5671@cvnM|1938-07-24|Norine.LuteroDispName|1|2
Ezmeralda|Malina|Ezmeralda.Malina@gmail.com|ASDghi5671@cvnM|1909-12-25|Ezmeralda.MalinaDispName|1|2
Fina|Kylander|Fina.Kylander@gmail.com|ASDghi5671@cvnM|1955-08-18|Fina.KylanderDispName|1|1
Georgina|Peti|Georgina.Peti@gmail.com|ASDghi5671@cvnM|1935-10-16|Georgina.PetiDispName|1|2
Elvira|Holtz|Elvira.Holtz@gmail.com|ASDghi5671@cvnM|1926-07-09|Elvira.HoltzDispName|1|2
Bibby|Hilbert|Bibby.Hilbert@gmail.com|ASDghi5671@cvnM|1953-06-06|Bibby.HilbertDispName|1|2
Roxane|Tatianas|Roxane.Tatianas@gmail.com|ASDghi5671@cvnM|2003-04-19|Roxane.TatianasDispName|1|1
Raf|Virgin|Raf.Virgin@gmail.com|ASDghi5671@cvnM|2000-10-07|Raf.VirginDispName|1|2
Daryl|Bryna|Daryl.Bryna@gmail.com|ASDghi5671@cvnM|1989-05-24|Daryl.BrynaDispName|1|2
Ashlee|Sherrie|Ashlee.Sherrie@gmail.com|ASDghi5671@cvnM|1906-10-11|Ashlee.SherrieDispName|1|2
Shaine|Jenness|Shaine.Jenness@gmail.com|ASDghi5671@cvnM|1990-12-04|Shaine.JennessDispName|1|1
Minne|Daegal|Minne.Daegal@gmail.com|ASDghi5671@cvnM|1959-07-14|Minne.DaegalDispName|1|1
Therine|Izaak|Therine.Izaak@gmail.com|ASDghi5671@cvnM|1985-08-15|Therine.IzaakDispName|1|1
Kore|Lamoree|Kore.Lamoree@gmail.com|ASDghi5671@cvnM|1990-02-28|Kore.LamoreeDispName|1|1
Fina|Cleo|Fina.Cleo@gmail.com|ASDghi5671@cvnM|2017-01-27|Fina.CleoDispName|1|1
Julieta|Quent|Julieta.Quent@gmail.com|ASDghi5671@cvnM|1944-12-22|Julieta.QuentDispName|1|2
Janenna|Lory|Janenna.Lory@gmail.com|ASDghi5671@cvnM|2011-12-17|Janenna.LoryDispName|1|1
Carree|Hanshaw|Carree.Hanshaw@gmail.com|ASDghi5671@cvnM|1958-01-02|Carree.HanshawDispName|1|1
Antonietta|Barney|Antonietta.Barney@gmail.com|ASDghi5671@cvnM|1977-11-27|Antonietta.BarneyDispName|1|1
Mallory|Telfer|Mallory.Telfer@gmail.com|ASDghi5671@cvnM|1902-06-30|Mallory.TelferDispName|1|1
Brynna|Koehler|Brynna.Koehler@gmail.com|ASDghi5671@cvnM|1982-11-27|Brynna.KoehlerDispName|1|2
Annabela|Torray|Annabela.Torray@gmail.com|ASDghi5671@cvnM|1991-11-15|Annabela.TorrayDispName|1|1
Morganica|Desai|Morganica.Desai@gmail.com|ASDghi5671@cvnM|1987-10-16|Morganica.DesaiDispName|1|2
Celestyna|Edee|Celestyna.Edee@gmail.com|ASDghi5671@cvnM|1926-05-06|Celestyna.EdeeDispName|1|1
Mahalia|Mayeda|Mahalia.Mayeda@gmail.com|ASDghi5671@cvnM|1996-03-15|Mahalia.MayedaDispName|1|2
Ida|Fosque|Ida.Fosque@gmail.com|ASDghi5671@cvnM|2017-07-01|Ida.FosqueDispName|1|1
Wileen|Marisa|Wileen.Marisa@gmail.com|ASDghi5671@cvnM|1950-03-03|Wileen.MarisaDispName|1|2
Catrina|Melan|Catrina.Melan@gmail.com|ASDghi5671@cvnM|1908-04-18|Catrina.MelanDispName|1|1
Cathie|Frendel|Cathie.Frendel@gmail.com|ASDghi5671@cvnM|1959-11-13|Cathie.FrendelDispName|1|2
Maud|Roche|Maud.Roche@gmail.com|ASDghi5671@cvnM|1971-07-22|Maud.RocheDispName|1|2
Patricia|Hathaway|Patricia.Hathaway@gmail.com|ASDghi5671@cvnM|1980-08-21|Patricia.HathawayDispName|1|1
Mireielle|Ciapas|Mireielle.Ciapas@gmail.com|ASDghi5671@cvnM|1914-02-07|Mireielle.CiapasDispName|1|2
Allyce|Helve|Allyce.Helve@gmail.com|ASDghi5671@cvnM|2003-05-17|Allyce.HelveDispName|1|2
Judy|Genna|Judy.Genna@gmail.com|ASDghi5671@cvnM|1977-08-14|Judy.GennaDispName|1|2
Therine|Sherfield|Therine.Sherfield@gmail.com|ASDghi5671@cvnM|1952-02-26|Therine.SherfieldDispName|1|2
Mariele|Carbo|Mariele.Carbo@gmail.com|ASDghi5671@cvnM|1958-02-06|Mariele.CarboDispName|1|1
Calla|Lane|Calla.Lane@gmail.com|ASDghi5671@cvnM|1926-11-02|Calla.LaneDispName|1|1
Katuscha|Hathaway|Katuscha.Hathaway@gmail.com|ASDghi5671@cvnM|1964-07-30|Katuscha.HathawayDispName|1|1
Lucille|Ardra|Lucille.Ardra@gmail.com|ASDghi5671@cvnM|1914-07-15|Lucille.ArdraDispName|1|1
Florencia|Dreda|Florencia.Dreda@gmail.com|ASDghi5671@cvnM|2008-04-19|Florencia.DredaDispName|1|2
Sean|Evvie|Sean.Evvie@gmail.com|ASDghi5671@cvnM|1996-04-13|Sean.EvvieDispName|1|2
Liana|Federica|Liana.Federica@gmail.com|ASDghi5671@cvnM|1968-03-25|Liana.FedericaDispName|1|1
Lita|Sparhawk|Lita.Sparhawk@gmail.com|ASDghi5671@cvnM|2013-04-27|Lita.SparhawkDispName|1|2
Doro|Ophelia|Doro.Ophelia@gmail.com|ASDghi5671@cvnM|2012-07-02|Doro.OpheliaDispName|1|1
Gui|Bluh|Gui.Bluh@gmail.com|ASDghi5671@cvnM|2006-07-31|Gui.BluhDispName|1|2
Dyann|Louanna|Dyann.Louanna@gmail.com|ASDghi5671@cvnM|2018-09-30|Dyann.LouannaDispName|1|2
Belva|Presber|Belva.Presber@gmail.com|ASDghi5671@cvnM|1989-08-08|Belva.PresberDispName|1|2
Heida|Heidt|Heida.Heidt@gmail.com|ASDghi5671@cvnM|1944-06-05|Heida.HeidtDispName|1|2
Beatriz|Wenda|Beatriz.Wenda@gmail.com|ASDghi5671@cvnM|1918-02-26|Beatriz.WendaDispName|1|1
Phedra|Lymann|Phedra.Lymann@gmail.com|ASDghi5671@cvnM|1936-12-16|Phedra.LymannDispName|1|1
Karolina|Corilla|Karolina.Corilla@gmail.com|ASDghi5671@cvnM|1967-10-23|Karolina.CorillaDispName|1|2
Queenie|Kiersten|Queenie.Kiersten@gmail.com|ASDghi5671@cvnM|2013-01-19|Queenie.KierstenDispName|1|1
Odessa|Wilkinson|Odessa.Wilkinson@gmail.com|ASDghi5671@cvnM|2000-06-30|Odessa.WilkinsonDispName|1|1
Leeanne|Tound|Leeanne.Tound@gmail.com|ASDghi5671@cvnM|2019-06-25|Leeanne.ToundDispName|1|1
Lanna|Leifeste|Lanna.Leifeste@gmail.com|ASDghi5671@cvnM|1970-03-11|Lanna.LeifesteDispName|1|1
Reeba|Chauncey|Reeba.Chauncey@gmail.com|ASDghi5671@cvnM|1955-06-03|Reeba.ChaunceyDispName|1|1
Karly|Brackely|Karly.Brackely@gmail.com|ASDghi5671@cvnM|1916-07-23|Karly.BrackelyDispName|1|2
Tamqrah|Lubin|Tamqrah.Lubin@gmail.com|ASDghi5671@cvnM|1951-08-16|Tamqrah.LubinDispName|1|2
Orelia|Albertine|Orelia.Albertine@gmail.com|ASDghi5671@cvnM|1927-08-24|Orelia.AlbertineDispName|1|2
Odessa|Carolin|Odessa.Carolin@gmail.com|ASDghi5671@cvnM|1990-12-23|Odessa.CarolinDispName|1|2
Lynnea|Stelle|Lynnea.Stelle@gmail.com|ASDghi5671@cvnM|1950-10-29|Lynnea.StelleDispName|1|1
Merry|Turne|Merry.Turne@gmail.com|ASDghi5671@cvnM|1909-04-12|Merry.TurneDispName|1|2
Andree|Urias|Andree.Urias@gmail.com|ASDghi5671@cvnM|2004-04-07|Andree.UriasDispName|1|2
Nita|Docilla|Nita.Docilla@gmail.com|ASDghi5671@cvnM|1900-02-07|Nita.DocillaDispName|1|1
Charissa|Tomasina|Charissa.Tomasina@gmail.com|ASDghi5671@cvnM|2014-11-26|Charissa.TomasinaDispName|1|1
Lanna|Ezar|Lanna.Ezar@gmail.com|ASDghi5671@cvnM|2017-05-01|Lanna.EzarDispName|1|1
Gabriellia|Garbe|Gabriellia.Garbe@gmail.com|ASDghi5671@cvnM|1900-11-03|Gabriellia.GarbeDispName|1|1
Kayla|Klotz|Kayla.Klotz@gmail.com|ASDghi5671@cvnM|1966-02-17|Kayla.KlotzDispName|1|2
Minne|Beniamino|Minne.Beniamino@gmail.com|ASDghi5671@cvnM|2003-12-24|Minne.BeniaminoDispName|1|2
Ida|Norvol|Ida.Norvol@gmail.com|ASDghi5671@cvnM|1956-08-06|Ida.NorvolDispName|1|2
Sherrie|Berl|Sherrie.Berl@gmail.com|ASDghi5671@cvnM|1927-02-01|Sherrie.BerlDispName|1|2
Latisha|Girardo|Latisha.Girardo@gmail.com|ASDghi5671@cvnM|1913-07-16|Latisha.GirardoDispName|1|1
Paule|Mauer|Paule.Mauer@gmail.com|ASDghi5671@cvnM|1959-05-21|Paule.MauerDispName|1|1
Yvonne|Earlie|Yvonne.Earlie@gmail.com|ASDghi5671@cvnM|1955-07-17|Yvonne.EarlieDispName|1|1
Meghann|Herrera|Meghann.Herrera@gmail.com|ASDghi5671@cvnM|1940-07-17|Meghann.HerreraDispName|1|1
Magdalena|Taima|Magdalena.Taima@gmail.com|ASDghi5671@cvnM|2000-02-03|Magdalena.TaimaDispName|1|2
Zaria|Hashim|Zaria.Hashim@gmail.com|ASDghi5671@cvnM|1944-03-30|Zaria.HashimDispName|1|2
Emelina|Tomasina|Emelina.Tomasina@gmail.com|ASDghi5671@cvnM|1938-10-14|Emelina.TomasinaDispName|1|2
Frieda|Lewes|Frieda.Lewes@gmail.com|ASDghi5671@cvnM|1905-12-24|Frieda.LewesDispName|1|1
Tracey|Ioab|Tracey.Ioab@gmail.com|ASDghi5671@cvnM|1936-12-11|Tracey.IoabDispName|1|1
Jenilee|Sammons|Jenilee.Sammons@gmail.com|ASDghi5671@cvnM|1922-06-17|Jenilee.SammonsDispName|1|1
Orelia|Levey|Orelia.Levey@gmail.com|ASDghi5671@cvnM|1962-10-21|Orelia.LeveyDispName|1|1
Felice|Skurnik|Felice.Skurnik@gmail.com|ASDghi5671@cvnM|1972-02-23|Felice.SkurnikDispName|1|1
Gerianna|Jacinda|Gerianna.Jacinda@gmail.com|ASDghi5671@cvnM|1922-04-28|Gerianna.JacindaDispName|1|1
Natka|Maisey|Natka.Maisey@gmail.com|ASDghi5671@cvnM|1982-12-25|Natka.MaiseyDispName|1|2
Vanessa|Minetta|Vanessa.Minetta@gmail.com|ASDghi5671@cvnM|1936-11-04|Vanessa.MinettaDispName|1|2
Elie|Donell|Elie.Donell@gmail.com|ASDghi5671@cvnM|1985-06-11|Elie.DonellDispName|1|1
Gaylene|Lemuela|Gaylene.Lemuela@gmail.com|ASDghi5671@cvnM|1955-10-03|Gaylene.LemuelaDispName|1|1
Tonia|Birdella|Tonia.Birdella@gmail.com|ASDghi5671@cvnM|1989-08-28|Tonia.BirdellaDispName|1|1
Jennica|Nester|Jennica.Nester@gmail.com|ASDghi5671@cvnM|1987-03-19|Jennica.NesterDispName|1|1
Britte|Braun|Britte.Braun@gmail.com|ASDghi5671@cvnM|1976-06-09|Britte.BraunDispName|1|1
Phylis|Annabella|Phylis.Annabella@gmail.com|ASDghi5671@cvnM|1914-06-14|Phylis.AnnabellaDispName|1|2
Netty|Malvino|Netty.Malvino@gmail.com|ASDghi5671@cvnM|1992-08-02|Netty.MalvinoDispName|1|1
Iseabal|Glenden|Iseabal.Glenden@gmail.com|ASDghi5671@cvnM|1993-10-18|Iseabal.GlendenDispName|1|2
Gerianna|Truc|Gerianna.Truc@gmail.com|ASDghi5671@cvnM|1980-02-17|Gerianna.TrucDispName|1|1
Augustine|Goldina|Augustine.Goldina@gmail.com|ASDghi5671@cvnM|1982-03-31|Augustine.GoldinaDispName|1|1
Philis|Alfons|Philis.Alfons@gmail.com|ASDghi5671@cvnM|1973-07-14|Philis.AlfonsDispName|1|1
Deirdre|Ilka|Deirdre.Ilka@gmail.com|ASDghi5671@cvnM|2000-10-27|Deirdre.IlkaDispName|1|2
Henriette|Graig|Henriette.Graig@gmail.com|ASDghi5671@cvnM|1926-09-21|Henriette.GraigDispName|1|1
Dale|Seessel|Dale.Seessel@gmail.com|ASDghi5671@cvnM|1995-01-04|Dale.SeesselDispName|1|2
Margalo|Wandie|Margalo.Wandie@gmail.com|ASDghi5671@cvnM|1916-06-30|Margalo.WandieDispName|1|1
Diena|Brittani|Diena.Brittani@gmail.com|ASDghi5671@cvnM|2015-03-29|Diena.BrittaniDispName|1|2
Robbi|Colp|Robbi.Colp@gmail.com|ASDghi5671@cvnM|1995-01-04|Robbi.ColpDispName|1|1
Grier|Corrine|Grier.Corrine@gmail.com|ASDghi5671@cvnM|1928-01-29|Grier.CorrineDispName|1|1
Ottilie|Wyn|Ottilie.Wyn@gmail.com|ASDghi5671@cvnM|1953-04-20|Ottilie.WynDispName|1|2
Melina|Allina|Melina.Allina@gmail.com|ASDghi5671@cvnM|1996-04-30|Melina.AllinaDispName|1|1
Belinda|Grosz|Belinda.Grosz@gmail.com|ASDghi5671@cvnM|1945-01-28|Belinda.GroszDispName|1|1
Asia|Ledah|Asia.Ledah@gmail.com|ASDghi5671@cvnM|1931-11-26|Asia.LedahDispName|1|2
Ruthe|Izaak|Ruthe.Izaak@gmail.com|ASDghi5671@cvnM|1966-04-22|Ruthe.IzaakDispName|1|2
Latisha|Danby|Latisha.Danby@gmail.com|ASDghi5671@cvnM|1972-05-02|Latisha.DanbyDispName|1|2
Ronna|Emanuel|Ronna.Emanuel@gmail.com|ASDghi5671@cvnM|1929-05-10|Ronna.EmanuelDispName|1|1
Susette|Birdella|Susette.Birdella@gmail.com|ASDghi5671@cvnM|1993-11-29|Susette.BirdellaDispName|1|2
Rosanne|Imelida|Rosanne.Imelida@gmail.com|ASDghi5671@cvnM|2003-08-17|Rosanne.ImelidaDispName|1|1
Carilyn|Roxanna|Carilyn.Roxanna@gmail.com|ASDghi5671@cvnM|1978-12-26|Carilyn.RoxannaDispName|1|1
Steffane|Thad|Steffane.Thad@gmail.com|ASDghi5671@cvnM|2008-04-27|Steffane.ThadDispName|1|2
Amelia|Crudden|Amelia.Crudden@gmail.com|ASDghi5671@cvnM|1978-01-20|Amelia.CruddenDispName|1|1
Nelle|Jarib|Nelle.Jarib@gmail.com|ASDghi5671@cvnM|1991-05-03|Nelle.JaribDispName|1|1
Nerta|Desai|Nerta.Desai@gmail.com|ASDghi5671@cvnM|1984-04-16|Nerta.DesaiDispName|1|1
Tobe|Granoff|Tobe.Granoff@gmail.com|ASDghi5671@cvnM|1904-11-23|Tobe.GranoffDispName|1|2
Modestia|Keelia|Modestia.Keelia@gmail.com|ASDghi5671@cvnM|1961-07-16|Modestia.KeeliaDispName|1|1
Dorice|Dowski|Dorice.Dowski@gmail.com|ASDghi5671@cvnM|1945-04-23|Dorice.DowskiDispName|1|1
Verla|Melony|Verla.Melony@gmail.com|ASDghi5671@cvnM|1989-08-01|Verla.MelonyDispName|1|2
Janey|Septima|Janey.Septima@gmail.com|ASDghi5671@cvnM|1964-07-21|Janey.SeptimaDispName|1|2
Gusty|Sothena|Gusty.Sothena@gmail.com|ASDghi5671@cvnM|1943-04-08|Gusty.SothenaDispName|1|1
Linzy|Dudley|Linzy.Dudley@gmail.com|ASDghi5671@cvnM|1957-08-09|Linzy.DudleyDispName|1|2
Shaylyn|Lytton|Shaylyn.Lytton@gmail.com|ASDghi5671@cvnM|1926-06-14|Shaylyn.LyttonDispName|1|2
Bernardine|Tayib|Bernardine.Tayib@gmail.com|ASDghi5671@cvnM|1959-06-15|Bernardine.TayibDispName|1|2
Marti|Nore|Marti.Nore@gmail.com|ASDghi5671@cvnM|1970-04-07|Marti.NoreDispName|1|2
Keelia|Thunell|Keelia.Thunell@gmail.com|ASDghi5671@cvnM|2016-09-16|Keelia.ThunellDispName|1|1
Yetty|Mandler|Yetty.Mandler@gmail.com|ASDghi5671@cvnM|1905-01-15|Yetty.MandlerDispName|1|2
Merci|Gregrory|Merci.Gregrory@gmail.com|ASDghi5671@cvnM|1995-09-02|Merci.GregroryDispName|1|2
Cindelyn|Tannie|Cindelyn.Tannie@gmail.com|ASDghi5671@cvnM|2016-10-14|Cindelyn.TannieDispName|1|1
Sharai|Maroney|Sharai.Maroney@gmail.com|ASDghi5671@cvnM|1904-10-18|Sharai.MaroneyDispName|1|2
Phylis|Han|Phylis.Han@gmail.com|ASDghi5671@cvnM|1967-05-21|Phylis.HanDispName|1|1
Berget|Quinn|Berget.Quinn@gmail.com|ASDghi5671@cvnM|1930-04-02|Berget.QuinnDispName|1|2
Elbertina|Goldina|Elbertina.Goldina@gmail.com|ASDghi5671@cvnM|2018-05-21|Elbertina.GoldinaDispName|1|1
Augustine|Dex|Augustine.Dex@gmail.com|ASDghi5671@cvnM|1929-09-17|Augustine.DexDispName|1|1
Clementine|Hessler|Clementine.Hessler@gmail.com|ASDghi5671@cvnM|2007-03-29|Clementine.HesslerDispName|1|1
Elyssa|Turne|Elyssa.Turne@gmail.com|ASDghi5671@cvnM|1971-03-20|Elyssa.TurneDispName|1|1
Brena|Alisia|Brena.Alisia@gmail.com|ASDghi5671@cvnM|1921-09-10|Brena.AlisiaDispName|1|2
Penelopa|Adore|Penelopa.Adore@gmail.com|ASDghi5671@cvnM|2004-12-18|Penelopa.AdoreDispName|1|1
Merle|Bahr|Merle.Bahr@gmail.com|ASDghi5671@cvnM|2015-01-03|Merle.BahrDispName|1|2
Agathe|Berl|Agathe.Berl@gmail.com|ASDghi5671@cvnM|1907-04-27|Agathe.BerlDispName|1|2
Janeczka|Westphal|Janeczka.Westphal@gmail.com|ASDghi5671@cvnM|1939-09-24|Janeczka.WestphalDispName|1|2
Tarra|Callista|Tarra.Callista@gmail.com|ASDghi5671@cvnM|1950-05-10|Tarra.CallistaDispName|1|2
Georgetta|Bultman|Georgetta.Bultman@gmail.com|ASDghi5671@cvnM|1913-02-20|Georgetta.BultmanDispName|1|1
Agathe|Louanna|Agathe.Louanna@gmail.com|ASDghi5671@cvnM|1966-02-08|Agathe.LouannaDispName|1|2
Rebeca|Olnee|Rebeca.Olnee@gmail.com|ASDghi5671@cvnM|1971-09-26|Rebeca.OlneeDispName|1|1
Camile|Afton|Camile.Afton@gmail.com|ASDghi5671@cvnM|1940-01-09|Camile.AftonDispName|1|1
Cassandra|Martsen|Cassandra.Martsen@gmail.com|ASDghi5671@cvnM|1918-04-07|Cassandra.MartsenDispName|1|1
Hope|Sekofski|Hope.Sekofski@gmail.com|ASDghi5671@cvnM|1926-03-11|Hope.SekofskiDispName|1|2
Bernie|Fleeta|Bernie.Fleeta@gmail.com|ASDghi5671@cvnM|1916-07-06|Bernie.FleetaDispName|1|1
Kial|An|Kial.An@gmail.com|ASDghi5671@cvnM|1911-08-05|Kial.AnDispName|1|2
Marcy|Erskine|Marcy.Erskine@gmail.com|ASDghi5671@cvnM|1938-06-20|Marcy.ErskineDispName|1|2
Cindelyn|Talia|Cindelyn.Talia@gmail.com|ASDghi5671@cvnM|2005-03-21|Cindelyn.TaliaDispName|1|1
Genovera|Colyer|Genovera.Colyer@gmail.com|ASDghi5671@cvnM|1947-05-23|Genovera.ColyerDispName|1|2
Delilah|Dorcy|Delilah.Dorcy@gmail.com|ASDghi5671@cvnM|1900-08-22|Delilah.DorcyDispName|1|2
Noelle|Anton|Noelle.Anton@gmail.com|ASDghi5671@cvnM|1901-12-29|Noelle.AntonDispName|1|1
Marjie|Haldas|Marjie.Haldas@gmail.com|ASDghi5671@cvnM|1942-03-09|Marjie.HaldasDispName|1|2
Carly|Sophronia|Carly.Sophronia@gmail.com|ASDghi5671@cvnM|2010-03-08|Carly.SophroniaDispName|1|1
Judy|Philoo|Judy.Philoo@gmail.com|ASDghi5671@cvnM|1990-05-11|Judy.PhilooDispName|1|2
Aaren|Peg|Aaren.Peg@gmail.com|ASDghi5671@cvnM|1969-07-28|Aaren.PegDispName|1|2
Marcy|Cadmar|Marcy.Cadmar@gmail.com|ASDghi5671@cvnM|1955-11-24|Marcy.CadmarDispName|1|1
Clementine|Lail|Clementine.Lail@gmail.com|ASDghi5671@cvnM|1986-11-22|Clementine.LailDispName|1|2
Ethel|Stelle|Ethel.Stelle@gmail.com|ASDghi5671@cvnM|1916-11-06|Ethel.StelleDispName|1|1
Monika|Marden|Monika.Marden@gmail.com|ASDghi5671@cvnM|2014-10-28|Monika.MardenDispName|1|1
Joelly|Hubert|Joelly.Hubert@gmail.com|ASDghi5671@cvnM|1988-07-27|Joelly.HubertDispName|1|1
Lonnie|Narton|Lonnie.Narton@gmail.com|ASDghi5671@cvnM|2000-10-01|Lonnie.NartonDispName|1|1
Demetris|Remmer|Demetris.Remmer@gmail.com|ASDghi5671@cvnM|1961-09-02|Demetris.RemmerDispName|1|1
Giustina|Engdahl|Giustina.Engdahl@gmail.com|ASDghi5671@cvnM|1986-09-10|Giustina.EngdahlDispName|1|2